Cell_Line_Name,Gene,Chr,Start,End,Variant_Type,Variant_Classification,Reference_Allele,Tumor_Seq_Allele1,Tumor_Seq_Allele2,Genome_Change,Protein_Change,Alternative_allele_reads_count,Reference_allele_reads_count,Variant_Frequency,Data_source
A253_SALIVARY_GLAND,PTEN,chr10,89692971,89692971,SNP,Missense_Mutation,T,C,C,g.chr10:89692971T>C,p.L152P,69,0,1,CCLE
A253_SALIVARY_GLAND,TSC2,chr16,2111996,2111996,SNP,Missense_Mutation,C,T,T,g.chr16:2111996C>T,p.A415V,34,38,0.472222222,CCLE
A253_SALIVARY_GLAND,TP53,chr17,7578391,7578391,DEL,Frame_Shift_Del,T,-,-,g.chr17:7578391_7578391delT,p.E180fs,68,1,0.985507246,CCLE
A253_SALIVARY_GLAND,MSH3,chr5,79950710,79950736,DEL,In_Frame_Del,CAGCGGCCGCAGCGGCCGCAGCGCCCC,-,-,g.chr5:79950710_79950736delCAGCGGCCGCAGCGGCCGCAGCGCCCC,p.AAAAAAAPP56del,10,5,0.666666667,CCLE
A253_SALIVARY_GLAND,MSH3,chr5,79950742,79950750,DEL,In_Frame_Del,CCCCCAGCT,-,-,g.chr5:79950742_79950750delCCCCCAGCT,p.PPA66del,9,13,0.409090909,CCLE
ASPC1_PANCREAS,MLL,chr11,118377223,118377223,SNP,Missense_Mutation,C,A,A,g.chr11:118377223C>A,p.P3539H,57,94,0.377483444,CCLE
ASPC1_PANCREAS,KRAS,chr12,25398284,25398284,SNP,Missense_Mutation,C,T,T,g.chr12:25398284C>T,p.G12D,74,0,1,CCLE
ASPC1_PANCREAS,TP53,chr17,7578527,7578527,DEL,Frame_Shift_Del,A,-,-,g.chr17:7578527_7578527delA,p.C135fs,76,11,0.873563218,CCLE
ASPC1_PANCREAS,SMAD4,chr18,48575105,48575105,SNP,Missense_Mutation,G,C,C,g.chr18:48575105G>C,p.R100T,51,0,1,CCLE
ASPC1_PANCREAS,FBXW7,chr4,153249385,153249385,SNP,Missense_Mutation,G,A,A,g.chr4:153249385G>A,p.R465C,97,95,0.505208333,CCLE
BT474_BREAST,ATM,chr11,108201035,108201035,SNP,Missense_Mutation,G,A,A,g.chr11:108201035G>A,p.E2468K,376,342,0.52367688,CCLE
BT474_BREAST,MLL,chr11,118365018,118365018,SNP,Missense_Mutation,G,A,A,g.chr11:118365018G>A,p.D1732N,166,211,0.440318302,CCLE
BT474_BREAST,HNF1A,chr12,121435450,121435450,SNP,Nonsense_Mutation,C,T,T,g.chr12:121435450C>T,p.Q495*,7,14,0.333333333,CCLE
BT474_BREAST,BRCA2,chr13,32968850,32968850,SNP,Nonsense_Mutation,C,A,A,g.chr13:32968850C>A,p.S3094*,160,172,0.481927711,CCLE
BT474_BREAST,BRIP1,chr17,59886057,59886057,SNP,Missense_Mutation,G,A,A,g.chr17:59886057G>A,p.S230L,231,658,0.25984252,CCLE
BT474_BREAST,TP53,chr17,7577085,7577085,SNP,Missense_Mutation,C,T,T,g.chr17:7577085C>T,p.E285K,42,0,1,CCLE
BT474_BREAST,PIK3CA,chr3,178916946,178916946,SNP,Missense_Mutation,G,C,C,g.chr3:178916946G>C,p.K111N,22,53,0.293333333,CCLE
BT474_BREAST,ROS1,chr6,117642453,117642453,SNP,Missense_Mutation,C,A,A,g.chr6:117642453C>A,p.V1916L,292,504,0.366834171,CCLE
CAPAN1_PANCREAS,PIK3CG,chr7,106520052,106520052,SNP,Missense_Mutation,C,G,G,g.chr7:106520052C>G,p.T827R,45,35,0.5625,CCLE
CFPAC1_PANCREAS,MSH3,chr5,79950710,79950736,DEL,In_Frame_Del,CAGCGGCCGCAGCGGCCGCAGCGCCCC,-,-,g.chr5:79950710_79950736delCAGCGGCCGCAGCGGCCGCAGCGCCCC,p.AAAAAAAPP56del,28,63,0.307692308,CCLE
CFPAC1_PANCREAS,MSH3,chr5,79950742,79950750,DEL,In_Frame_Del,CCCCCAGCT,-,-,g.chr5:79950742_79950750delCCCCCAGCT,p.PPA66del,20,44,0.3125,CCLE
COLO201_LARGE_INTESTINE,MTOR,chr1,11270947,11270947,SNP,Missense_Mutation,G,A,A,g.chr1:11270947G>A,p.P1193L,54,38,0.586956522,CCLE
COLO201_LARGE_INTESTINE,ERBB4,chr2,212989527,212989527,SNP,Missense_Mutation,T,G,G,g.chr2:212989527T>G,p.N62H,82,155,0.345991561,CCLE
COLO201_LARGE_INTESTINE,GNAS,chr20,57428604,57428604,SNP,Missense_Mutation,G,T,T,g.chr20:57428604G>T,p.S95I,67,95,0.413580247,CCLE
COLO201_LARGE_INTESTINE,APC,chr5,112175951,112175952,INS,Frame_Shift_Ins,-,A,A,g.chr5:112175951_112175952insA,p.E1554fs,8,2,0.8,CCLE
COLO201_LARGE_INTESTINE,MET,chr7,116340135,116340135,SNP,Missense_Mutation,A,T,T,g.chr7:116340135A>T,p.I333L,46,107,0.300653595,CCLE
COLO201_LARGE_INTESTINE,BRAF,chr7,140453136,140453136,SNP,Missense_Mutation,A,T,T,g.chr7:140453136A>T,p.V600E,80,28,0.740740741,CCLE
COLO829_SKIN,MSH6,chr2,48027520,48027520,SNP,Missense_Mutation,G,C,C,g.chr2:48027520G>C,p.V800L,67,121,0.356382979,CCLE
COLO829_SKIN,PIK3R1,chr5,67584340,67584341,INS,Intron,-,CGAGC,CGAGC,g.chr5:67584340_67584341insCGAGC,NA,3,3,0.5,CCLE
COLO829_SKIN,MSH3,chr5,79950742,79950750,DEL,In_Frame_Del,CCCCCAGCT,-,-,g.chr5:79950742_79950750delCCCCCAGCT,p.PPA66del,8,4,0.666666667,CCLE
COLO829_SKIN,BRAF,chr7,140453136,140453136,SNP,Missense_Mutation,A,T,T,g.chr7:140453136A>T,p.V600E,122,68,0.642105263,CCLE
DKMG_CENTRAL_NERVOUS_SYSTEM,PTEN,chr10,89711881,89711881,SNP,Missense_Mutation,A,G,G,g.chr10:89711881A>G,p.T167A,42,0,1,CCLE
DKMG_CENTRAL_NERVOUS_SYSTEM,PIK3CA,chr3,178921552,178921552,SNP,Missense_Mutation,A,G,G,g.chr3:178921552A>G,p.N345S,20,25,0.444444444,CCLE
DKMG_CENTRAL_NERVOUS_SYSTEM,FGFR4,chr5,176520542,176520542,SNP,Missense_Mutation,C,T,T,g.chr5:176520542C>T,p.P463S,2,1,0.666666667,CCLE
DMS79_LUNG,RB1,chr13,49039416,49039416,SNP,Nonsense_Mutation,G,T,T,g.chr13:49039416G>T,p.G801*,50,1,0.980392157,CCLE
DMS79_LUNG,APC,chr5,112175757,112175757,SNP,Missense_Mutation,T,C,C,g.chr5:112175757T>C,p.L1489S,12,25,0.324324324,CCLE
DMS79_LUNG,ROS1,chr6,117629981,117629981,SNP,Missense_Mutation,G,C,C,g.chr6:117629981G>C,p.P2182R,14,25,0.358974359,CCLE
DMS79_LUNG,NOTCH1,chr9,139402505,139402505,SNP,Missense_Mutation,T,G,G,g.chr9:139402505T>G,p.T1138P,21,0,1,CCLE
HCC1143_BREAST,NOTCH2,chr1,120478007,120478007,SNP,Intron,A,T,T,g.chr1:120478007A>T,NA,3,13,0.1875,CCLE
HCC1143_BREAST,FGFR2,chr10,123310821,123310821,SNP,Missense_Mutation,G,A,A,g.chr10:123310821G>A,p.R203C,29,84,0.256637168,CCLE
HCC1143_BREAST,TP53,chr17,7577538,7577538,SNP,Missense_Mutation,C,T,T,g.chr17:7577538C>T,p.R248Q,207,0,1,CCLE
HCC1187_BREAST,BAP1,chr3,52440271,52440271,SNP,Nonsense_Mutation,G,A,A,g.chr3:52440271G>A,p.Q261*,200,1,0.995024876,CCLE
HCC1187_BREAST,MSH3,chr5,79950710,79950736,DEL,In_Frame_Del,CAGCGGCCGCAGCGGCCGCAGCGCCCC,-,-,g.chr5:79950710_79950736delCAGCGGCCGCAGCGGCCGCAGCGCCCC,p.AAAAAAAPP56del,10,9,0.526315789,CCLE
HCC1187_BREAST,MSH3,chr5,79950742,79950750,DEL,In_Frame_Del,CCCCCAGCT,-,-,g.chr5:79950742_79950750delCCCCCAGCT,p.PPA66del,20,19,0.512820513,CCLE
HCC1187_BREAST,BTK,chrX,100608962,100608962,SNP,Missense_Mutation,T,G,G,g.chrX:100608962T>G,p.D583A,48,221,0.178438662,CCLE
HCC1395_BREAST,BRCA2,chr13,32913269,32913269,SNP,Nonsense_Mutation,G,T,T,g.chr13:32913269G>T,p.E1593*,131,216,0.377521614,CCLE
HCC1395_BREAST,CREBBP,chr16,3795301,3795301,SNP,Missense_Mutation,G,C,C,g.chr16:3795301G>C,p.H1297Q,12,36,0.25,CCLE
HCC1395_BREAST,BRCA1,chr17,41209095,41209095,SNP,Nonsense_Mutation,G,A,A,g.chr17:41209095G>A,p.R1772*,84,0,1,CCLE
HCC1395_BREAST,TP53,chr17,7578406,7578406,SNP,Missense_Mutation,C,T,T,g.chr17:7578406C>T,p.R175H,191,1,0.994791667,CCLE
HCC1395_BREAST,CSF1R,chr5,149460454,149460454,SNP,Silent,G,A,A,g.chr5:149460454G>A,p.Y61Y,238,1,0.9958159,CCLE
HCC1395_BREAST,PDGFRB,chr5,149499628,149499628,SNP,Missense_Mutation,G,A,A,g.chr5:149499628G>A,p.T882I,7,34,0.170731707,CCLE
HCC1395_BREAST,FGFR1,chr8,38285938,38285938,SNP,Missense_Mutation,G,A,A,g.chr8:38285938G>A,p.S125L,3,0,1,CCLE
HCC1599_BREAST,BRCA2,chr13,32913042,32913051,DEL,Frame_Shift_Del,AAGAACCTAC,-,-,g.chr13:32913042_32913051delAAGAACCTAC,p.K1517fs,20,2,0.909090909,CCLE
HCC1599_BREAST,BRIP1,chr17,59763520,59763520,SNP,Missense_Mutation,G,C,C,g.chr17:59763520G>C,p.S861C,29,19,0.604166667,CCLE
HCC1599_BREAST,TSC1,chr9,135786011,135786011,SNP,Missense_Mutation,C,A,A,g.chr9:135786011C>A,p.D404Y,19,46,0.292307692,CCLE
HCC1954_BREAST,RPS6KB1,chr17,58024224,58024225,INS,3'UTR,-,AA,AA,g.chr17:58024224_58024225insAA,NA,11,0,1,CCLE
HCC1954_BREAST,TP53,chr17,7578442,7578442,SNP,Missense_Mutation,T,C,C,g.chr17:7578442T>C,p.Y163C,64,0,1,CCLE
HCC1954_BREAST,PIK3CA,chr3,178952085,178952085,SNP,Missense_Mutation,A,G,G,g.chr3:178952085A>G,p.H1047R,212,53,0.8,CCLE
HCC1954_BREAST,APC,chr5,112178289,112178289,SNP,Missense_Mutation,G,A,A,g.chr5:112178289G>A,p.R2333K,43,307,0.122857143,CCLE
HCC1954_BREAST,ROS1,chr6,117662663,117662663,SNP,Missense_Mutation,G,T,T,g.chr6:117662663G>T,p.A1601D,24,52,0.315789474,CCLE
HCC1954_BREAST,NBN,chr8,90982730,90982730,SNP,Missense_Mutation,G,A,A,g.chr8:90982730G>A,p.T253I,188,217,0.464197531,CCLE
HCC2157_BREAST,CHEK1,chr11,125513996,125513996,SNP,Missense_Mutation,G,A,A,g.chr11:125513996G>A,p.V312M,77,52,0.596899225,CCLE
HCC2157_BREAST,TP53,chr17,7577539,7577539,SNP,Missense_Mutation,G,A,A,g.chr17:7577539G>A,p.R248W,52,0,1,CCLE
HCC2157_BREAST,MSH3,chr5,79950709,79950717,DEL,In_Frame_Del,GCAGCGGCC,-,-,g.chr5:79950709_79950717delGCAGCGGCC,p.AAA58del,9,11,0.45,CCLE
HCC2218_BREAST,MRE11A,chr11,94203750,94203750,SNP,Missense_Mutation,G,A,A,g.chr11:94203750G>A,p.H302Y,95,115,0.452380952,CCLE
HCC2218_BREAST,MSH2,chr2,47690182,47690182,SNP,Missense_Mutation,G,A,A,g.chr2:47690182G>A,p.E467K,36,21,0.631578947,CCLE
HCC2218_BREAST,EP300,chr22,41546047,41546047,SNP,Missense_Mutation,C,T,T,g.chr22:41546047C>T,p.P888S,205,233,0.46803653,CCLE
HCC2218_BREAST,MET,chr7,116414934,116414934,SNP,Splice_Site_SNP,G,T,T,g.chr7:116414934G>T,p.D1028_splice,150,0,1,CCLE
HCC2218_BREAST,EGFR,chr7,55238316,55238316,SNP,Intron,G,C,C,g.chr7:55238316G>C,NA,5,10,0.333333333,CCLE
HCC78_LUNG,MLL,chr11,118373698,118373698,SNP,Missense_Mutation,C,G,G,g.chr11:118373698C>G,p.S2364C,172,81,0.679841897,CCLE
HCC78_LUNG,MRE11A,chr11,94209488,94209488,SNP,Missense_Mutation,G,A,A,g.chr11:94209488G>A,p.S209F,74,35,0.678899083,CCLE
HCC78_LUNG,TP53,chr17,7577559,7577559,SNP,Missense_Mutation,G,A,A,g.chr17:7577559G>A,p.S241F,76,0,1,CCLE
HCC78_LUNG,ALK,chr2,29462643,29462643,SNP,Missense_Mutation,C,T,T,g.chr2:29462643C>T,p.R753Q,51,60,0.459459459,CCLE
HCC78_LUNG,SMO,chr7,128850879,128850879,SNP,Missense_Mutation,C,T,T,g.chr7:128850879C>T,p.R576W,10,11,0.476190476,CCLE
HCC78_LUNG,MYC,chr8,128751214,128751214,SNP,Missense_Mutation,G,A,A,g.chr8:128751214G>A,p.E251K,9,5,0.642857143,CCLE
HCT15_LARGE_INTESTINE,NOTCH2,chr1,120497754,120497754,SNP,Missense_Mutation,C,T,T,g.chr1:120497754C>T,p.E710K,39,32,0.549295775,CCLE
HCT15_LARGE_INTESTINE,DDR2,chr1,162748373,162748373,SNP,Missense_Mutation,A,G,G,g.chr1:162748373A>G,p.K763E,8,19,0.296296296,CCLE
HCT15_LARGE_INTESTINE,MDM4,chr1,204499885,204499885,SNP,Missense_Mutation,G,A,A,g.chr1:204499885G>A,p.C76Y,56,45,0.554455446,CCLE
HCT15_LARGE_INTESTINE,FGFR2,chr10,123239228,123239228,SNP,3'UTR,T,C,C,g.chr10:123239228T>C,NA,7,9,0.4375,CCLE
HCT15_LARGE_INTESTINE,RET,chr10,43619256,43619256,SNP,Missense_Mutation,T,C,C,g.chr10:43619256T>C,p.M980T,34,27,0.557377049,CCLE
HCT15_LARGE_INTESTINE,ATM,chr11,108122714,108122714,SNP,Missense_Mutation,G,T,T,g.chr11:108122714G>T,p.E586D,42,61,0.40776699,CCLE
HCT15_LARGE_INTESTINE,MLL,chr11,118347548,118347548,SNP,Missense_Mutation,C,A,A,g.chr11:118347548C>A,p.S1062Y,59,66,0.472,CCLE
HCT15_LARGE_INTESTINE,MLL,chr11,118373149,118373149,SNP,Missense_Mutation,T,C,C,g.chr11:118373149T>C,p.V2181A,54,63,0.461538462,CCLE
HCT15_LARGE_INTESTINE,KRAS,chr12,25398281,25398281,SNP,Missense_Mutation,C,T,T,g.chr12:25398281C>T,p.G13D,42,49,0.461538462,CCLE
HCT15_LARGE_INTESTINE,CCND2,chr12,4385274,4385274,SNP,Missense_Mutation,T,G,G,g.chr12:4385274T>G,p.L100R,55,44,0.555555556,CCLE
HCT15_LARGE_INTESTINE,ERBB3,chr12,56478922,56478922,SNP,Missense_Mutation,C,A,A,g.chr12:56478922C>A,p.N126K,68,60,0.53125,CCLE
HCT15_LARGE_INTESTINE,ERBB3,chr12,56489535,56489535,SNP,Missense_Mutation,G,A,A,g.chr12:56489535G>A,p.R667H,98,77,0.56,CCLE
HCT15_LARGE_INTESTINE,ERBB3,chr12,56495068,56495068,SNP,Missense_Mutation,C,A,A,g.chr12:56495068C>A,p.P1142H,12,9,0.571428571,CCLE
HCT15_LARGE_INTESTINE,BRCA2,chr13,32912090,32912091,DEL,Frame_Shift_Del,TG,-,-,g.chr13:32912090_32912091delTG,p.C1200fs,118,130,0.475806452,CCLE
HCT15_LARGE_INTESTINE,BRCA2,chr13,32913837,32913837,DEL,Frame_Shift_Del,A,-,-,g.chr13:32913837_32913837delA,p.Q1782fs,77,74,0.509933775,CCLE
HCT15_LARGE_INTESTINE,BRCA2,chr13,32944558,32944558,SNP,Missense_Mutation,G,A,A,g.chr13:32944558G>A,p.R2784Q,35,23,0.603448276,CCLE
HCT15_LARGE_INTESTINE,FANCI,chr15,89843194,89843194,SNP,Missense_Mutation,C,A,A,g.chr15:89843194C>A,p.L934M,30,33,0.476190476,CCLE
HCT15_LARGE_INTESTINE,PALB2,chr16,23634395,23634395,SNP,Missense_Mutation,C,A,A,g.chr16:23634395C>A,p.G964V,61,44,0.580952381,CCLE
HCT15_LARGE_INTESTINE,PALB2,chr16,23641053,23641053,SNP,Nonsense_Mutation,C,A,A,g.chr16:23641053C>A,p.G808*,58,81,0.417266187,CCLE
HCT15_LARGE_INTESTINE,CREBBP,chr16,3786205,3786205,SNP,Splice_Site_SNP,C,A,A,g.chr16:3786205C>A,p.D1521_splice,56,56,0.5,CCLE
HCT15_LARGE_INTESTINE,CREBBP,chr16,3807970,3807970,SNP,Missense_Mutation,G,T,T,g.chr16:3807970G>T,p.P1150H,29,35,0.453125,CCLE
HCT15_LARGE_INTESTINE,NF1,chr17,29677308,29677308,SNP,Missense_Mutation,C,T,T,g.chr17:29677308C>T,p.P2477S,18,34,0.346153846,CCLE
HCT15_LARGE_INTESTINE,NF1,chr17,29684089,29684089,SNP,Missense_Mutation,C,T,T,g.chr17:29684089C>T,p.A2617V,30,31,0.491803279,CCLE
HCT15_LARGE_INTESTINE,BRCA1,chr17,41243979,41243979,SNP,Missense_Mutation,G,T,T,g.chr17:41243979G>T,p.P1190H,62,80,0.436619718,CCLE
HCT15_LARGE_INTESTINE,TP53,chr17,7577559,7577559,SNP,Missense_Mutation,G,A,A,g.chr17:7577559G>A,p.S241F,32,41,0.438356164,CCLE
HCT15_LARGE_INTESTINE,NOTCH3,chr19,15276316,15276316,SNP,Missense_Mutation,C,T,T,g.chr19:15276316C>T,p.R1893Q,23,29,0.442307692,CCLE
HCT15_LARGE_INTESTINE,JAK3,chr19,17942128,17942128,SNP,Missense_Mutation,C,T,T,g.chr19:17942128C>T,p.V963I,40,70,0.363636364,CCLE
HCT15_LARGE_INTESTINE,ERCC2,chr19,45858977,45858977,SNP,Missense_Mutation,G,T,T,g.chr19:45858977G>T,p.R497S,11,18,0.379310345,CCLE
HCT15_LARGE_INTESTINE,IDH1,chr2,209113217,209113217,SNP,Missense_Mutation,C,T,T,g.chr2:209113217C>T,p.G97D,97,80,0.548022599,CCLE
HCT15_LARGE_INTESTINE,ERBB4,chr2,212576794,212576794,SNP,Missense_Mutation,G,T,T,g.chr2:212576794G>T,p.L369I,16,32,0.333333333,CCLE
HCT15_LARGE_INTESTINE,MSH6,chr2,48025989,48025989,DEL,Frame_Shift_Del,C,-,-,g.chr2:48025989_48025989delC,p.G289fs,43,38,0.530864198,CCLE
HCT15_LARGE_INTESTINE,MSH6,chr2,48032766,48032766,SNP,Missense_Mutation,C,T,T,g.chr2:48032766C>T,p.T1189I,13,31,0.295454545,CCLE
HCT15_LARGE_INTESTINE,GNAS,chr20,57428448,57428448,SNP,Missense_Mutation,C,A,A,g.chr20:57428448C>A,p.P43H,5,5,0.5,CCLE
HCT15_LARGE_INTESTINE,GNAS,chr20,57485432,57485432,SNP,Missense_Mutation,G,T,T,g.chr20:57485432G>T,p.K981N,56,42,0.571428571,CCLE
HCT15_LARGE_INTESTINE,CHEK2,chr22,29107949,29107949,SNP,Missense_Mutation,G,T,T,g.chr22:29107949G>T,p.A290D,55,40,0.578947368,CCLE
HCT15_LARGE_INTESTINE,CHEK2,chr22,29121242,29121242,SNP,Missense_Mutation,G,A,A,g.chr22:29121242G>A,p.R188W,50,54,0.480769231,CCLE
HCT15_LARGE_INTESTINE,EP300,chr22,41548252,41548252,SNP,Nonsense_Mutation,G,T,T,g.chr22:41548252G>T,p.E1014*,28,0,1,CCLE
HCT15_LARGE_INTESTINE,PIK3CB,chr3,138453591,138453591,SNP,Missense_Mutation,C,T,T,g.chr3:138453591C>T,p.C286Y,13,91,0.125,CCLE
HCT15_LARGE_INTESTINE,ATR,chr3,142217446,142217446,SNP,Missense_Mutation,T,C,C,g.chr3:142217446T>C,p.I1851V,39,44,0.469879518,CCLE
HCT15_LARGE_INTESTINE,ATR,chr3,142217605,142217605,SNP,Missense_Mutation,T,C,C,g.chr3:142217605T>C,p.T1798A,14,83,0.144329897,CCLE
HCT15_LARGE_INTESTINE,PIK3CA,chr3,178936091,178936091,SNP,Missense_Mutation,G,A,A,g.chr3:178936091G>A,p.E545K,9,12,0.428571429,CCLE
HCT15_LARGE_INTESTINE,PIK3CA,chr3,178936103,178936103,SNP,Missense_Mutation,G,A,A,g.chr3:178936103G>A,p.D549N,9,7,0.5625,CCLE
HCT15_LARGE_INTESTINE,MLH1,chr3,37067133,37067133,SNP,Silent,G,A,A,g.chr3:37067133G>A,p.L348L,19,24,0.441860465,CCLE
HCT15_LARGE_INTESTINE,MYD88,chr3,38182637,38182637,SNP,Nonsense_Mutation,C,T,T,g.chr3:38182637C>T,p.R272*,54,71,0.432,CCLE
HCT15_LARGE_INTESTINE,BAP1,chr3,52437611,52437611,SNP,Missense_Mutation,G,A,A,g.chr3:52437611G>A,p.T517M,10,10,0.5,CCLE
HCT15_LARGE_INTESTINE,FGFR3,chr4,1808938,1808938,SNP,Silent,C,A,A,g.chr4:1808938C>A,p.A792A,6,13,0.315789474,CCLE
HCT15_LARGE_INTESTINE,KIT,chr4,55564516,55564516,SNP,Missense_Mutation,G,A,A,g.chr4:55564516G>A,p.R135H,40,39,0.506329114,CCLE
HCT15_LARGE_INTESTINE,APC,chr5,112173471,112173471,SNP,Missense_Mutation,G,T,T,g.chr5:112173471G>T,p.R727M,32,34,0.484848485,CCLE
HCT15_LARGE_INTESTINE,APC,chr5,112174270,112174270,SNP,Missense_Mutation,G,T,T,g.chr5:112174270G>T,p.K993N,38,30,0.558823529,CCLE
HCT15_LARGE_INTESTINE,APC,chr5,112175539,112175539,DEL,Frame_Shift_Del,C,-,-,g.chr5:112175539_112175539delC,p.G1416fs,175,4,0.977653631,CCLE
HCT15_LARGE_INTESTINE,APC,chr5,112175974,112175974,SNP,Missense_Mutation,G,T,T,g.chr5:112175974G>T,p.K1561N,32,37,0.463768116,CCLE
HCT15_LARGE_INTESTINE,APC,chr5,112177787,112177787,SNP,Nonsense_Mutation,C,T,T,g.chr5:112177787C>T,p.R2166*,44,32,0.578947368,CCLE
HCT15_LARGE_INTESTINE,APC,chr5,112178939,112178939,SNP,Missense_Mutation,G,C,C,g.chr5:112178939G>C,p.E2550Q,44,135,0.245810056,CCLE
HCT15_LARGE_INTESTINE,NPM1,chr5,170833632,170833632,SNP,Intron,G,A,A,g.chr5:170833632G>A,NA,3,1,0.75,CCLE
HCT15_LARGE_INTESTINE,FGFR4,chr5,176518084,176518084,SNP,Silent,G,A,A,g.chr5:176518084G>A,p.E194E,32,25,0.561403509,CCLE
HCT15_LARGE_INTESTINE,FGFR4,chr5,176520345,176520345,SNP,Intron,T,A,A,g.chr5:176520345T>A,NA,6,11,0.352941176,CCLE
HCT15_LARGE_INTESTINE,PIK3R1,chr5,67588105,67588105,SNP,Missense_Mutation,C,T,T,g.chr5:67588105C>T,p.P312L,43,50,0.462365591,CCLE
HCT15_LARGE_INTESTINE,MSH3,chr5,80024679,80024679,SNP,Missense_Mutation,T,C,C,g.chr5:80024679T>C,p.I488T,29,29,0.5,CCLE
HCT15_LARGE_INTESTINE,FGFR1,chr8,38282161,38282161,SNP,Missense_Mutation,C,A,A,g.chr8:38282161C>A,p.A268S,13,11,0.541666667,CCLE
HCT15_LARGE_INTESTINE,NBN,chr8,90955537,90955537,SNP,Missense_Mutation,C,A,A,g.chr8:90955537C>A,p.A710S,13,8,0.619047619,CCLE
HCT15_LARGE_INTESTINE,NBN,chr8,90967565,90967565,SNP,Missense_Mutation,T,C,C,g.chr8:90967565T>C,p.Q448R,42,86,0.328125,CCLE
HCT15_LARGE_INTESTINE,JAK2,chr9,5064974,5064974,SNP,Missense_Mutation,T,C,C,g.chr9:5064974T>C,p.L383P,29,38,0.432835821,CCLE
HEPG2_LIVER,NRAS,chr1,115256529,115256529,SNP,Missense_Mutation,T,A,A,g.chr1:115256529T>A,p.Q61L,52,66,0.440677966,CCLE
HEPG2_LIVER,RET,chr10,43608351,43608351,SNP,Missense_Mutation,G,A,A,g.chr10:43608351G>A,p.D567N,12,16,0.428571429,CCLE
HEPG2_LIVER,ATM,chr11,108224537,108224537,SNP,Missense_Mutation,G,A,A,g.chr11:108224537G>A,p.V2906I,74,63,0.540145985,CCLE
HEPG2_LIVER,LAMP1,chr13,113976709,113976709,SNP,Missense_Mutation,G,C,C,g.chr13:113976709G>C,p.R409S,19,23,0.452380952,CCLE
HEPG2_LIVER,RPS6KB1,chr17,58024224,58024225,INS,3'UTR,-,AA,AA,g.chr17:58024224_58024225insAA,NA,3,6,0.333333333,CCLE
HEPG2_LIVER,KDR,chr4,55976843,55976843,SNP,Missense_Mutation,A,T,T,g.chr4:55976843A>T,p.Y357N,10,18,0.357142857,CCLE
HEPG2_LIVER,MSH3,chr5,79950742,79950750,DEL,In_Frame_Del,CCCCCAGCT,-,-,g.chr5:79950742_79950750delCCCCCAGCT,p.PPA66del,6,3,0.666666667,CCLE
HS746T_STOMACH,BRCA1,chr17,41249297,41249297,SNP,Missense_Mutation,G,A,A,g.chr17:41249297G>A,p.S186F,28,0,1,CCLE
HS746T_STOMACH,RPS6KB1,chr17,58024224,58024225,INS,3'UTR,-,AA,AA,g.chr17:58024224_58024225insAA,NA,7,0,1,CCLE
HS746T_STOMACH,TP53,chr17,7576891,7576891,SNP,Nonsense_Mutation,T,A,A,g.chr17:7576891T>A,p.K319*,235,0,1,CCLE
HS746T_STOMACH,KDR,chr4,55976914,55976914,SNP,Missense_Mutation,C,A,A,g.chr4:55976914C>A,p.G333V,29,0,1,CCLE
HS746T_STOMACH,APC,chr5,112176353,112176353,SNP,Missense_Mutation,G,C,C,g.chr5:112176353G>C,p.D1688H,33,22,0.6,CCLE
HS746T_STOMACH,APC,chr5,112179165,112179165,SNP,Missense_Mutation,G,T,T,g.chr5:112179165G>T,p.S2625I,24,21,0.533333333,CCLE
HS746T_STOMACH,MSH3,chr5,79950710,79950736,DEL,In_Frame_Del,CAGCGGCCGCAGCGGCCGCAGCGCCCC,-,-,g.chr5:79950710_79950736delCAGCGGCCGCAGCGGCCGCAGCGCCCC,p.AAAAAAAPP56del,5,9,0.357142857,CCLE
HS746T_STOMACH,MSH3,chr5,79950742,79950750,DEL,In_Frame_Del,CCCCCAGCT,-,-,g.chr5:79950742_79950750delCCCCCAGCT,p.PPA66del,10,9,0.526315789,CCLE
HS746T_STOMACH,MET,chr7,116412044,116412044,SNP,Splice_Site_SNP,G,T,T,g.chr7:116412044G>T,p.D1028_splice,712,2,0.99719888,CCLE
HS746T_STOMACH,TSC1,chr9,135800991,135800991,SNP,Missense_Mutation,A,C,C,g.chr9:135800991A>C,p.L116V,141,147,0.489583333,CCLE
HT29_LARGE_INTESTINE,SMAD4,chr18,48586262,48586262,SNP,Nonsense_Mutation,C,T,T,g.chr18:48586262C>T,p.Q311*,745,0,1,CCLE
HT29_LARGE_INTESTINE,ERG,chr21,39772387,39772387,SNP,Intron,T,C,C,g.chr21:39772387T>C,NA,13,18,0.419354839,CCLE
HT29_LARGE_INTESTINE,PIK3CA,chr3,178928067,178928067,SNP,Missense_Mutation,C,A,A,g.chr3:178928067C>A,p.P449T,666,242,0.733480176,CCLE
HT29_LARGE_INTESTINE,APC,chr5,112173848,112173848,SNP,Nonsense_Mutation,G,T,T,g.chr5:112173848G>T,p.E853*,287,612,0.319243604,CCLE
HT29_LARGE_INTESTINE,APC,chr5,112175951,112175952,INS,Frame_Shift_Ins,-,A,A,g.chr5:112175951_112175952insA,p.E1554fs,168,119,0.585365854,CCLE
HT29_LARGE_INTESTINE,BRAF,chr7,140453136,140453136,SNP,Missense_Mutation,A,T,T,g.chr7:140453136A>T,p.V600E,222,685,0.244762955,CCLE
HT29_LARGE_INTESTINE,BRAF,chr7,140534557,140534557,SNP,Missense_Mutation,G,C,C,g.chr7:140534557G>C,p.T119S,595,246,0.707491082,CCLE
K562_HAEMATOPOIETIC_AND_LYMPHOID_TISSUE,AKT3,chr1,243858956,243858956,SNP,Nonsense_Mutation,C,A,A,g.chr1:243858956C>A,p.G37*,27,76,0.262135922,CCLE
K562_HAEMATOPOIETIC_AND_LYMPHOID_TISSUE,TP53,chr17,7578523,7578524,INS,Frame_Shift_Ins,-,G,G,g.chr17:7578523_7578524insG,p.Q136fs,98,11,0.899082569,CCLE
K562_HAEMATOPOIETIC_AND_LYMPHOID_TISSUE,PDGFRA,chr4,55140793,55140793,SNP,Splice_Site_SNP,G,A,A,g.chr4:55140793G>A,p.Q551_splice,58,150,0.278846154,CCLE
K562_HAEMATOPOIETIC_AND_LYMPHOID_TISSUE,MSH3,chr5,79950742,79950750,DEL,In_Frame_Del,CCCCCAGCT,-,-,g.chr5:79950742_79950750delCCCCCAGCT,p.PPA66del,11,22,0.333333333,CCLE
K562_HAEMATOPOIETIC_AND_LYMPHOID_TISSUE,ROS1,chr6,117715410,117715410,SNP,Missense_Mutation,C,A,A,g.chr6:117715410C>A,p.R360I,19,33,0.365384615,CCLE
K562_HAEMATOPOIETIC_AND_LYMPHOID_TISSUE,NOTCH1,chr9,139413165,139413165,SNP,Missense_Mutation,C,A,A,g.chr9:139413165C>A,p.G326V,60,134,0.309278351,CCLE
KARPAS299_HAEMATOPOIETIC_AND_LYMPHOID_TISSUE,TP53,chr17,7577121,7577121,SNP,Missense_Mutation,G,A,A,g.chr17:7577121G>A,p.R273C,8,0,1,CCLE
KM12_LARGE_INTESTINE,MTOR,chr1,11269409,11269409,SNP,Missense_Mutation,G,A,A,g.chr1:11269409G>A,p.P1254L,58,92,0.386666667,CCLE
KM12_LARGE_INTESTINE,NOTCH2,chr1,120458899,120458899,SNP,Missense_Mutation,G,A,A,g.chr1:120458899G>A,p.S2149F,57,73,0.438461538,CCLE
KM12_LARGE_INTESTINE,BRCA2,chr13,32913837,32913837,DEL,Frame_Shift_Del,A,-,-,g.chr13:32913837_32913837delA,p.Q1782fs,48,62,0.436363636,CCLE
KM12_LARGE_INTESTINE,ERBB4,chr2,212568865,212568866,INS,Frame_Shift_Ins,-,A,A,g.chr2:212568865_212568866insA,p.S418fs,15,2,0.882352941,CCLE
KM12_LARGE_INTESTINE,APC,chr5,112162808,112162808,SNP,Missense_Mutation,G,A,A,g.chr5:112162808G>A,p.G471E,34,33,0.507462687,CCLE
KM12_LARGE_INTESTINE,APC,chr5,112176739,112176740,INS,Frame_Shift_Ins,-,A,A,g.chr5:112176739_112176740insA,p.L1816fs,46,54,0.46,CCLE
KM12_LARGE_INTESTINE,PIK3R1,chr5,67584462,67584462,DEL,Intron,G,-,-,g.chr5:67584462_67584462delG,,18,37,0.327272727,CCLE
KM12_LARGE_INTESTINE,MSH3,chr5,79952339,79952339,SNP,Missense_Mutation,C,T,T,g.chr5:79952339C>T,p.S116F,3,2,0.6,CCLE
KM12_LARGE_INTESTINE,BRAF,chr7,140434564,140434564,SNP,Missense_Mutation,C,T,T,g.chr7:140434564C>T,p.A712T,9,4,0.692307692,CCLE
KM12_LARGE_INTESTINE,TSC1,chr9,135797261,135797261,DEL,Frame_Shift_Del,A,-,-,g.chr9:135797261_135797261delA,p.L203fs,23,18,0.56097561,CCLE
KM12_LARGE_INTESTINE,PTCH1,chr9,98224209,98224209,SNP,Missense_Mutation,C,T,T,g.chr9:98224209C>T,p.D878N,87,133,0.395454545,CCLE
LOVO_LARGE_INTESTINE,ARID1A,chr1,27106804,27106804,DEL,Frame_Shift_Del,C,-,-,g.chr1:27106804_27106804delC,p.P2139fs,89,149,0.37394958,CCLE
LOVO_LARGE_INTESTINE,FGF19,chr11,69514230,69514230,SNP,Missense_Mutation,G,A,A,g.chr11:69514230G>A,p.R151W,5,7,0.416666667,CCLE
LOVO_LARGE_INTESTINE,KRAS,chr12,25398281,25398281,SNP,Missense_Mutation,C,T,T,g.chr12:25398281C>T,p.G13D,62,27,0.696629213,CCLE
LOVO_LARGE_INTESTINE,LAMP1,chr13,113975734,113975734,SNP,Missense_Mutation,C,T,T,g.chr13:113975734C>T,p.R298W,32,60,0.347826087,CCLE
LOVO_LARGE_INTESTINE,FLT1,chr13,29012359,29012359,DEL,Frame_Shift_Del,T,-,-,g.chr13:29012359_29012359delT,p.K171fs,54,52,0.509433962,CCLE
LOVO_LARGE_INTESTINE,CREBBP,chr16,3830839,3830839,SNP,Missense_Mutation,T,C,C,g.chr16:3830839T>C,p.T573A,73,85,0.462025316,CCLE
LOVO_LARGE_INTESTINE,NF1,chr17,29653086,29653086,SNP,Missense_Mutation,G,A,A,g.chr17:29653086G>A,p.R1695Q,132,117,0.530120482,CCLE
LOVO_LARGE_INTESTINE,AKT2,chr19,40747901,40747901,SNP,Missense_Mutation,C,T,T,g.chr19:40747901C>T,p.A173T,73,54,0.57480315,CCLE
LOVO_LARGE_INTESTINE,AKT2,chr19,40748451,40748451,SNP,Missense_Mutation,C,T,T,g.chr19:40748451C>T,p.R144Q,8,9,0.470588235,CCLE
LOVO_LARGE_INTESTINE,IDH1,chr2,209116262,209116263,INS,Frame_Shift_Ins,-,T,T,g.chr2:209116262_209116263insT,p.I5fs,49,60,0.449541284,CCLE
LOVO_LARGE_INTESTINE,ERBB4,chr2,212426770,212426770,SNP,Missense_Mutation,C,T,T,g.chr2:212426770C>T,p.R782Q,70,75,0.482758621,CCLE
LOVO_LARGE_INTESTINE,ERG,chr21,39755554,39755554,DEL,Frame_Shift_Del,G,-,-,g.chr21:39755554_39755554delG,p.P411fs,89,109,0.449494949,CCLE
LOVO_LARGE_INTESTINE,RAF1,chr3,12633289,12633291,DEL,In_Frame_Del,CTC,-,-,g.chr3:12633289_12633291delCTC,p.G370del,16,29,0.355555556,CCLE
LOVO_LARGE_INTESTINE,RAF1,chr3,12653476,12653476,SNP,Missense_Mutation,A,G,G,g.chr3:12653476A>G,p.V98A,70,81,0.463576159,CCLE
LOVO_LARGE_INTESTINE,PIK3CB,chr3,138374293,138374293,SNP,Missense_Mutation,C,T,T,g.chr3:138374293C>T,p.E1051K,72,76,0.486486486,CCLE
LOVO_LARGE_INTESTINE,FBXW7,chr4,153247289,153247289,SNP,Missense_Mutation,G,A,A,g.chr4:153247289G>A,p.R505C,69,74,0.482517483,CCLE
LOVO_LARGE_INTESTINE,FGFR3,chr4,1807345,1807345,SNP,Missense_Mutation,A,G,G,g.chr4:1807345A>G,p.I534V,18,25,0.418604651,CCLE
LOVO_LARGE_INTESTINE,APC,chr5,112174631,112174631,SNP,Nonsense_Mutation,C,T,T,g.chr5:112174631C>T,p.R1114*,16,34,0.32,CCLE
LOVO_LARGE_INTESTINE,APC,chr5,112175580,112175580,DEL,Frame_Shift_Del,C,-,-,g.chr5:112175580_112175580delC,p.T1430fs,78,56,0.582089552,CCLE
LOVO_LARGE_INTESTINE,APC,chr5,112179738,112179738,SNP,Missense_Mutation,G,A,A,g.chr5:112179738G>A,p.R2816Q,27,68,0.284210526,CCLE
LOVO_LARGE_INTESTINE,PIK3R1,chr5,67584513,67584513,DEL,Intron,T,-,-,g.chr5:67584513_67584513delT,NA,118,135,0.466403162,CCLE
LOVO_LARGE_INTESTINE,MSH3,chr5,80074604,80074604,SNP,Missense_Mutation,T,A,A,g.chr5:80074604T>A,p.L795H,68,36,0.653846154,CCLE
LOVO_LARGE_INTESTINE,SMO,chr7,128846040,128846040,SNP,Missense_Mutation,G,A,A,g.chr7:128846040G>A,p.A324T,84,250,0.251497006,CCLE
LOVO_LARGE_INTESTINE,NBN,chr8,90965848,90965848,DEL,Frame_Shift_Del,A,-,-,g.chr8:90965848_90965848delA,p.L490fs,51,36,0.586206897,CCLE
MCF7_BREAST,ERBB4,chr2,212248542,212248542,SNP,Missense_Mutation,T,C,C,g.chr2:212248542T>C,p.Y1242C,18,81,0.181818182,CCLE
MCF7_BREAST,PIK3CA,chr3,178936091,178936091,SNP,Missense_Mutation,G,A,A,g.chr3:178936091G>A,p.E545K,2,2,0.5,CCLE
MDAMB231_BREAST,MYCL1,chr1,40363463,40363463,SNP,Missense_Mutation,C,T,T,g.chr1:40363463C>T,p.E226K,85,167,0.337301587,CCLE
MDAMB231_BREAST,KRAS,chr12,25398281,25398281,SNP,Missense_Mutation,C,T,T,g.chr12:25398281C>T,p.G13D,68,44,0.607142857,CCLE
MDAMB231_BREAST,NF1,chr17,29541474,29541475,INS,Frame_Shift_Ins,-,C,C,g.chr17:29541474_29541475insC,p.L466fs,15,0,1,CCLE
MDAMB231_BREAST,TP53,chr17,7577099,7577099,SNP,Missense_Mutation,C,T,T,g.chr17:7577099C>T,p.R280K,26,0,1,CCLE
MDAMB231_BREAST,NOTCH3,chr19,15300174,15300174,SNP,Missense_Mutation,T,A,A,g.chr19:15300174T>A,p.T368S,6,4,0.6,CCLE
MDAMB231_BREAST,PDGFRA,chr4,55129981,55129981,SNP,Missense_Mutation,A,T,T,g.chr4:55129981A>T,p.Y172F,23,62,0.270588235,CCLE
MDAMB231_BREAST,MSH3,chr5,80109433,80109433,SNP,Missense_Mutation,G,A,A,g.chr5:80109433G>A,p.G896R,9,21,0.3,CCLE
MDAMB231_BREAST,BRAF,chr7,140481417,140481417,SNP,Missense_Mutation,C,A,A,g.chr7:140481417C>A,p.G464V,88,62,0.586666667,CCLE
MDAMB361_BREAST,MTOR,chr1,11227549,11227549,SNP,Missense_Mutation,C,G,G,g.chr1:11227549C>G,p.E1427Q,66,89,0.425806452,CCLE
MDAMB361_BREAST,ARID1A,chr1,27094465,27094465,SNP,Missense_Mutation,T,G,G,g.chr1:27094465T>G,p.V1058G,51,70,0.421487603,CCLE
MDAMB361_BREAST,BRCA2,chr13,32913462,32913462,SNP,Missense_Mutation,A,G,G,g.chr13:32913462A>G,p.N1657S,40,139,0.223463687,CCLE
MDAMB361_BREAST,AKT1,chr14,105258974,105258974,SNP,Missense_Mutation,C,T,T,g.chr14:105258974C>T,p.D3N,21,16,0.567567568,CCLE
MDAMB361_BREAST,RPS6KB1,chr17,58024224,58024225,INS,3'UTR,-,AA,AA,g.chr17:58024224_58024225insAA,NA,6,5,0.545454545,CCLE
MDAMB361_BREAST,TP53,chr17,7579521,7579521,SNP,Nonsense_Mutation,C,A,A,g.chr17:7579521C>A,p.E56*,3,1,0.75,CCLE
MDAMB361_BREAST,PIK3CA,chr3,178936091,178936091,SNP,Missense_Mutation,G,A,A,g.chr3:178936091G>A,p.E545K,6,17,0.260869565,CCLE
MDAMB361_BREAST,PIK3CA,chr3,178937019,178937019,SNP,Missense_Mutation,A,G,G,g.chr3:178937019A>G,p.K567R,45,104,0.302013423,CCLE
MDAMB361_BREAST,BAP1,chr3,52437774,52437774,SNP,Missense_Mutation,G,C,C,g.chr3:52437774G>C,p.L463V,62,123,0.335135135,CCLE
MDAMB361_BREAST,PIK3CG,chr7,106508867,106508867,SNP,Missense_Mutation,C,G,G,g.chr7:106508867C>G,p.I287M,11,14,0.44,CCLE
MDAMB361_BREAST,PTCH1,chr9,98231074,98231074,SNP,Missense_Mutation,C,T,T,g.chr9:98231074C>T,p.E737K,28,43,0.394366197,CCLE
MDAMB453_BREAST,PIK3CD,chr1,9770524,9770524,SNP,Missense_Mutation,G,A,A,g.chr1:9770524G>A,p.G4E,193,0,1,CCLE
MDAMB453_BREAST,PTEN,chr10,89720768,89720768,SNP,Missense_Mutation,G,A,A,g.chr10:89720768G>A,p.E307K,250,229,0.521920668,CCLE
MDAMB453_BREAST,ATM,chr11,108175471,108175471,SNP,Missense_Mutation,G,C,C,g.chr11:108175471G>C,p.E1856Q,190,241,0.440835267,CCLE
MDAMB453_BREAST,FLT1,chr13,28913430,28913430,SNP,Missense_Mutation,G,A,A,g.chr13:28913430G>A,p.S788F,107,198,0.350819672,CCLE
MDAMB453_BREAST,CDH1,chr16,68856105,68856105,SNP,Nonsense_Mutation,G,A,A,g.chr16:68856105G>A,p.W638*,135,0,1,CCLE
MDAMB453_BREAST,ERBB2,chr17,37864783,37864783,SNP,Silent,C,T,T,g.chr17:37864783C>T,p.L145L,28,106,0.208955224,CCLE
MDAMB453_BREAST,PIK3CA,chr3,178952085,178952085,SNP,Missense_Mutation,A,G,G,g.chr3:178952085A>G,p.H1047R,386,211,0.646566164,CCLE
MDAMB453_BREAST,PIK3CG,chr7,106513002,106513002,SNP,Nonsense_Mutation,C,A,A,g.chr7:106513002C>A,p.Y672*,128,157,0.449122807,CCLE
MDAMB453_BREAST,AR,chrX,66942823,66942823,SNP,Missense_Mutation,G,T,T,g.chrX:66942823G>T,p.Q868H,118,36,0.766233766,CCLE
MDAMB468_BREAST,DDR2,chr1,162749939,162749939,SNP,Missense_Mutation,T,C,C,g.chr1:162749939T>C,p.V824A,118,106,0.526785714,CCLE
MDAMB468_BREAST,PTEN,chr10,89690847,89690847,SNP,Splice_Site_SNP,G,T,T,g.chr10:89690847G>T,p.V85_splice,88,0,1,CCLE
MDAMB468_BREAST,NF1,chr17,29557385,29557385,SNP,Missense_Mutation,A,G,G,g.chr17:29557385A>G,p.Q1033R,3,25,0.107142857,CCLE
MDAMB468_BREAST,ERBB2,chr17,37865585,37865585,DEL,Frame_Shift_Del,G,-,-,g.chr17:37865585_37865585delG,p.G152fs,41,3,0.931818182,CCLE
MHHES1_BONE,FLT3,chr13,28599075,28599075,SNP,Missense_Mutation,G,C,C,g.chr13:28599075G>C,p.P738R,17,6,0.739130435,CCLE
MHHES1_BONE,NF1,chr17,29661895,29661895,SNP,Missense_Mutation,C,A,A,g.chr17:29661895C>A,p.P1951Q,12,35,0.255319149,CCLE
MHHES1_BONE,TP53,chr17,7578204,7578206,DEL,In_Frame_Del,ACT,-,-,g.chr17:7578204_7578206delACT,p.S215del,100,12,0.892857143,CCLE
MHHES1_BONE,PIK3R1,chr5,67593326,67593326,SNP,Missense_Mutation,T,C,C,g.chr5:67593326T>C,p.L691P,69,86,0.44516129,CCLE
MHHES1_BONE,MSH3,chr5,79950742,79950750,DEL,In_Frame_Del,CCCCCAGCT,-,-,g.chr5:79950742_79950750delCCCCCAGCT,p.PPA66del,15,24,0.384615385,CCLE
MV411_HAEMATOPOIETIC_AND_LYMPHOID_TISSUE,MSH3,chr5,79950710,79950736,DEL,In_Frame_Del,CAGCGGCCGCAGCGGCCGCAGCGCCCC,-,-,g.chr5:79950710_79950736delCAGCGGCCGCAGCGGCCGCAGCGCCCC,p.AAAAAAAPP56del,10,2,0.833333333,CCLE
MV411_HAEMATOPOIETIC_AND_LYMPHOID_TISSUE,MSH3,chr5,79950742,79950750,DEL,In_Frame_Del,CCCCCAGCT,-,-,g.chr5:79950742_79950750delCCCCCAGCT,p.PPA66del,5,10,0.333333333,CCLE
MV411_HAEMATOPOIETIC_AND_LYMPHOID_TISSUE,NBN,chr8,90958370,90958370,SNP,Missense_Mutation,T,G,G,g.chr8:90958370T>G,p.K690Q,57,116,0.329479769,CCLE
NCIH146_LUNG,PTPN11,chr12,112910815,112910815,SNP,Missense_Mutation,A,C,C,g.chr12:112910815A>C,p.N275T,14,13,0.518518519,CCLE
NCIH146_LUNG,FLT1,chr13,28883012,28883012,SNP,Missense_Mutation,C,T,T,g.chr13:28883012C>T,p.E1230K,148,0,1,CCLE
NCIH146_LUNG,RB1,chr13,49050864,49050864,SNP,Nonsense_Mutation,C,T,T,g.chr13:49050864C>T,p.Q850*,60,0,1,CCLE
NCIH146_LUNG,BRIP1,chr17,59886091,59886091,SNP,Missense_Mutation,A,G,G,g.chr17:59886091A>G,p.C219R,171,1,0.994186047,CCLE
NCIH146_LUNG,PIK3CB,chr3,138474789,138474789,SNP,Missense_Mutation,C,A,A,g.chr3:138474789C>A,p.M68I,67,125,0.348958333,CCLE
NCIH146_LUNG,FGFR4,chr5,176517601,176517601,SNP,Missense_Mutation,G,A,A,g.chr5:176517601G>A,p.C101Y,17,14,0.548387097,CCLE
NCIH1563_LUNG,MCL1,chr1,150551725,150551725,SNP,Silent,C,T,T,g.chr1:150551725C>T,p.A94A,5,5,0.5,CCLE
NCIH2009_LUNG,NOTCH2,chr1,120462053,120462053,SNP,Nonsense_Mutation,G,C,C,g.chr1:120462053G>C,p.S1888*,3,7,0.3,CCLE
NCIH2009_LUNG,FGFR2,chr10,123256074,123256074,SNP,Missense_Mutation,C,G,G,g.chr10:123256074C>G,p.R613T,66,63,0.511627907,CCLE
NCIH2009_LUNG,KRAS,chr12,25398284,25398284,SNP,Missense_Mutation,C,G,G,g.chr12:25398284C>G,p.G12A,117,159,0.423913043,CCLE
NCIH2009_LUNG,CREBBP,chr16,3900896,3900896,SNP,Missense_Mutation,T,C,C,g.chr16:3900896T>C,p.H67R,101,106,0.487922705,CCLE
NCIH2009_LUNG,TP53,chr17,7577120,7577120,SNP,Missense_Mutation,C,A,A,g.chr17:7577120C>A,p.R273L,8,0,1,CCLE
NCIH2009_LUNG,FANCL,chr2,58390044,58390044,SNP,Missense_Mutation,A,C,C,g.chr2:58390044A>C,p.V292G,80,48,0.625,CCLE
NCIH2009_LUNG,EGFR,chr7,55238068,55238068,SNP,Intron,A,G,G,g.chr7:55238068A>G,NA,75,77,0.493421053,CCLE
NCIH2122_LUNG,KRAS,chr12,25398285,25398285,SNP,Missense_Mutation,C,A,A,g.chr12:25398285C>A,p.G12C,726,0,1,CCLE
NCIH2122_LUNG,MDM2,chr12,69202267,69202267,SNP,Missense_Mutation,A,C,C,g.chr12:69202267A>C,p.S4R,10,5,0.666666667,CCLE
NCIH2122_LUNG,CDH1,chr16,68842427,68842444,DEL,In_Frame_Del,GCCCAGAAAATGAAAAAG,-,-,g.chr16:68842427_68842444delGCCCAGAAAATGAAAAAG,p.PENEKG164del,113,112,0.502222222,CCLE
NCIH2122_LUNG,RPS6KB1,chr17,58024224,58024225,INS,3'UTR,-,AA,AA,g.chr17:58024224_58024225insAA,NA,14,5,0.736842105,CCLE
NCIH2122_LUNG,TP53,chr17,7578403,7578403,SNP,Missense_Mutation,C,A,A,g.chr17:7578403C>A,p.C176F,101,169,0.374074074,CCLE
NCIH2122_LUNG,TP53,chr17,7579866,7579866,SNP,Missense_Mutation,T,A,A,g.chr17:7579866T>A,p.Q16L,300,177,0.628930818,CCLE
NCIH2122_LUNG,STK11,chr19,1221314,1221314,DEL,Frame_Shift_Del,C,-,-,g.chr19:1221314_1221314delC,p.G279fs,100,13,0.884955752,CCLE
NCIH2122_LUNG,FGFR4,chr5,176523723,176523723,SNP,Missense_Mutation,C,A,A,g.chr5:176523723C>A,p.P712T,132,274,0.325123153,CCLE
NCIH2122_LUNG,TSC1,chr9,135771977,135771977,SNP,Missense_Mutation,G,A,A,g.chr9:135771977G>A,p.T1047I,58,69,0.456692913,CCLE
NCIH2228_LUNG,RB1,chr13,48934152,48934152,DEL,Splice_Site_Del,G,-,-,g.chr13:48934152_48934152delG,p.G203_splice,59,6,0.907692308,CCLE
NCIH2228_LUNG,TP53,chr17,7576855,7576855,SNP,Nonsense_Mutation,G,A,A,g.chr17:7576855G>A,p.Q331*,56,1,0.98245614,CCLE
NCIH2228_LUNG,EP300,chr22,41574466,41574466,SNP,Missense_Mutation,G,A,A,g.chr22:41574466G>A,p.A2251T,2,5,0.285714286,CCLE
NCIH2228_LUNG,ATR,chr3,142215361,142215361,SNP,Missense_Mutation,G,A,A,g.chr3:142215361G>A,p.P1914S,106,62,0.630952381,CCLE
NCIH2228_LUNG,ATR,chr3,142216021,142216021,SNP,Missense_Mutation,A,G,G,g.chr3:142216021A>G,p.C1858R,38,51,0.426966292,CCLE
NCIH441_LUNG,DDR2,chr1,162745587,162745587,SNP,Missense_Mutation,C,T,T,g.chr1:162745587C>T,p.R668C,296,443,0.400541272,CCLE
NCIH441_LUNG,MPL,chr1,43812237,43812237,SNP,Missense_Mutation,G,T,T,g.chr1:43812237G>T,p.V368L,193,455,0.297839506,CCLE
NCIH441_LUNG,ERBB4,chr2,212248528,212248529,DNP,Missense_Mutation,GG,TT,TT,g.chr2:212248528_212248529GG>TT,p.1246_1247SL>RM,563,282,0.666272189,CCLE
NCIH460_LUNG,ARID1A,chr1,27106789,27106794,DEL,In_Frame_Del,CTGATT,-,-,g.chr1:27106789_27106794delCTGATT,p.LI2134del,137,17,0.88961039,CCLE
NCIH460_LUNG,KRAS,chr12,25380275,25380275,SNP,Missense_Mutation,T,A,A,g.chr12:25380275T>A,p.Q61H,218,5,0.977578475,CCLE
NCIH460_LUNG,MAP2K1,chr15,66729193,66729193,SNP,Missense_Mutation,A,G,G,g.chr15:66729193A>G,p.Y134C,78,152,0.339130435,CCLE
NCIH460_LUNG,PIK3CA,chr3,178936091,178936091,SNP,Missense_Mutation,G,A,A,g.chr3:178936091G>A,p.E545K,19,17,0.527777778,CCLE
NCIH460_LUNG,KDR,chr4,55946269,55946269,SNP,Missense_Mutation,C,A,A,g.chr4:55946269C>A,p.G1304C,81,89,0.476470588,CCLE
NCIH460_LUNG,MSH3,chr5,79950710,79950736,DEL,In_Frame_Del,CAGCGGCCGCAGCGGCCGCAGCGCCCC,-,-,g.chr5:79950710_79950736delCAGCGGCCGCAGCGGCCGCAGCGCCCC,p.AAAAAAAPP56del,7,3,0.7,CCLE
NCIH460_LUNG,NBN,chr8,90983432,90983432,SNP,Missense_Mutation,C,G,G,g.chr8:90983432C>G,p.G224A,100,0,1,CCLE
NCIH596_LUNG,RB1,chr13,48923093,48923094,INS,Frame_Shift_Ins,-,T,T,g.chr13:48923093_48923094insT,p.I181fs,100,3,0.970873786,CCLE
NCIH596_LUNG,BRIP1,chr17,59821870,59821870,SNP,Missense_Mutation,G,A,A,g.chr17:59821870G>A,p.P727L,82,219,0.272425249,CCLE
NCIH596_LUNG,TP53,chr17,7577548,7577548,SNP,Missense_Mutation,C,A,A,g.chr17:7577548C>A,p.G245C,164,0,1,CCLE
NCIH596_LUNG,MSH2,chr2,47630387,47630387,SNP,Missense_Mutation,C,A,A,g.chr2:47630387C>A,p.F19L,28,12,0.7,CCLE
NCIH596_LUNG,PIK3CA,chr3,178936091,178936091,SNP,Missense_Mutation,G,A,A,g.chr3:178936091G>A,p.E545K,15,8,0.652173913,CCLE
NCIH596_LUNG,MET,chr7,116412044,116412044,SNP,Splice_Site_SNP,G,T,T,g.chr7:116412044G>T,p.D1028_splice,68,1,0.985507246,CCLE
NCIH660_PROSTATE,ROS1,chr6,117674200,117674200,SNP,Missense_Mutation,C,T,T,g.chr6:117674200C>T,p.R1425K,47,145,0.244791667,CCLE
NCIH660_PROSTATE,EGFR,chr7,55224580,55224580,SNP,Intron,G,T,T,g.chr7:55224580G>T,NA,10,36,0.217391304,CCLE
NCIH660_PROSTATE,TSC1,chr9,135801006,135801006,SNP,Missense_Mutation,G,C,C,g.chr9:135801006G>C,p.P111A,30,106,0.220588235,CCLE
NCIH716_LARGE_INTESTINE,KRAS,chr12,25380168,25380168,SNP,Missense_Mutation,C,A,A,g.chr12:25380168C>A,p.R97I,30,68,0.306122449,CCLE
NCIH716_LARGE_INTESTINE,CDH1,chr16,68842734,68842734,SNP,Missense_Mutation,C,T,T,g.chr16:68842734C>T,p.R224C,38,64,0.37254902,CCLE
NCIH716_LARGE_INTESTINE,TP53,chr17,7578177,7578177,SNP,Missense_Mutation,C,A,A,g.chr17:7578177C>A,p.E224D,84,0,1,CCLE
NCIH716_LARGE_INTESTINE,ATR,chr3,142281262,142281262,SNP,Missense_Mutation,T,C,C,g.chr3:142281262T>C,p.M328V,78,75,0.509803922,CCLE
NCIH716_LARGE_INTESTINE,MSH3,chr5,79950710,79950736,DEL,In_Frame_Del,CAGCGGCCGCAGCGGCCGCAGCGCCCC,-,-,g.chr5:79950710_79950736delCAGCGGCCGCAGCGGCCGCAGCGCCCC,p.AAAAAAAPP56del,20,12,0.625,CCLE
NCIH716_LARGE_INTESTINE,MSH3,chr5,79950742,79950750,DEL,In_Frame_Del,CCCCCAGCT,-,-,g.chr5:79950742_79950750delCCCCCAGCT,p.PPA66del,24,23,0.510638298,CCLE
NCIH727_LUNG,KRAS,chr12,25398284,25398284,SNP,Missense_Mutation,C,A,A,g.chr12:25398284C>A,p.G12V,288,81,0.780487805,CCLE
NCIH727_LUNG,IDH2,chr15,90631943,90631943,DEL,Frame_Shift_Del,C,-,-,g.chr15:90631943_90631943delC,p.G137fs,17,21,0.447368421,CCLE
NCIH727_LUNG,BRCA1,chr17,41199682,41199682,SNP,Missense_Mutation,C,G,G,g.chr17:41199682C>G,p.W1836C,10,23,0.303030303,CCLE
NCIH727_LUNG,TP53,chr17,7578433,7578434,INS,In_Frame_Ins,-,ACTGCTTGT,ACTGCTTGT,g.chr17:7578433_7578434insACTGCTTGT,p.165_166insYKQ,37,77,0.324561404,CCLE
NCIH727_LUNG,ERBB4,chr2,212295678,212295678,SNP,Nonsense_Mutation,C,A,A,g.chr2:212295678C>A,p.G879*,45,46,0.494505495,CCLE
NCIH727_LUNG,MLH1,chr3,37050388,37050388,SNP,Silent,T,C,C,g.chr3:37050388T>C,p.V179V,5,18,0.217391304,CCLE
NCIH727_LUNG,NOTCH1,chr9,139413909,139413909,SNP,Missense_Mutation,G,A,A,g.chr9:139413909G>A,p.P284L,118,63,0.651933702,CCLE
OCIAML2_HAEMATOPOIETIC_AND_LYMPHOID_TISSUE,MLL,chr11,118365075,118365075,SNP,Nonsense_Mutation,A,T,T,g.chr11:118365075A>T,p.K1751*,49,42,0.538461538,CCLE
OCIAML2_HAEMATOPOIETIC_AND_LYMPHOID_TISSUE,FLT3,chr13,28602329,28602329,SNP,Missense_Mutation,G,A,A,g.chr13:28602329G>A,p.A680V,87,102,0.46031746,CCLE
OCIAML2_HAEMATOPOIETIC_AND_LYMPHOID_TISSUE,RPS6KB1,chr17,58024224,58024225,INS,3'UTR,-,AA,AA,g.chr17:58024224_58024225insAA,NA,5,3,0.625,CCLE
OVCAR8_OVARY,NOTCH1,chr9,139399891,139399891,SNP,Missense_Mutation,G,A,A,g.chr9:139399891G>A,p.P1486L,73,242,0.231746032,CCLE
RL_HAEMATOPOIETIC_AND_LYMPHOID_TISSUE,PTEN,chr10,89720676,89720676,SNP,Missense_Mutation,A,G,G,g.chr10:89720676A>G,p.N276S,93,0,1,CCLE
RL_HAEMATOPOIETIC_AND_LYMPHOID_TISSUE,PTEN,chr10,89720678,89720678,SNP,Missense_Mutation,A,G,G,g.chr10:89720678A>G,p.T277A,95,0,1,CCLE
RL_HAEMATOPOIETIC_AND_LYMPHOID_TISSUE,TP53,chr17,7578518,7578518,SNP,Missense_Mutation,C,G,G,g.chr17:7578518C>G,p.A138P,27,0,1,CCLE
RL_HAEMATOPOIETIC_AND_LYMPHOID_TISSUE,EP300,chr22,41548243,41548243,SNP,Nonsense_Mutation,G,T,T,g.chr22:41548243G>T,p.E1011*,10,8,0.555555556,CCLE
RL_HAEMATOPOIETIC_AND_LYMPHOID_TISSUE,EP300,chr22,41565578,41565578,SNP,Missense_Mutation,A,C,C,g.chr22:41565578A>C,p.H1415P,2,6,0.25,CCLE
RL_HAEMATOPOIETIC_AND_LYMPHOID_TISSUE,INPP4B,chr4,143350365,143350366,DNP,Nonsense_Mutation,GG,AC,AC,g.chr4:143350365_143350366GG>AC,p.32_33IQ>M*,10,26,0.277777778,CCLE
RL952_ENDOMETRIUM,NOTCH2,chr1,120467939,120467939,SNP,Missense_Mutation,G,T,T,g.chr1:120467939G>T,p.S1500R,3,12,0.2,CCLE
RL952_ENDOMETRIUM,ARID1A,chr1,27087373,27087373,DEL,Frame_Shift_Del,C,-,-,g.chr1:27087373_27087373delC,p.L649fs,109,111,0.495454545,CCLE
RL952_ENDOMETRIUM,ARID1A,chr1,27087503,27087503,SNP,Nonsense_Mutation,C,T,T,g.chr1:27087503C>T,p.R693*,83,97,0.461111111,CCLE
RL952_ENDOMETRIUM,MPL,chr1,43817931,43817931,SNP,Missense_Mutation,G,A,A,g.chr1:43817931G>A,p.R537Q,81,92,0.468208092,CCLE
RL952_ENDOMETRIUM,PTEN,chr10,89692918,89692918,SNP,Missense_Mutation,G,T,T,g.chr10:89692918G>T,p.M134I,111,130,0.460580913,CCLE
RL952_ENDOMETRIUM,PTEN,chr10,89711900,89711900,SNP,Missense_Mutation,G,A,A,g.chr10:89711900G>A,p.R173H,70,55,0.56,CCLE
RL952_ENDOMETRIUM,ATM,chr11,108172510,108172510,DEL,Frame_Shift_Del,A,-,-,g.chr11:108172510_108172510delA,p.R1771fs,48,69,0.41025641,CCLE
RL952_ENDOMETRIUM,HRAS,chr11,533873,533873,SNP,Missense_Mutation,C,A,A,g.chr11:533873C>A,p.Q61H,97,134,0.41991342,CCLE
RL952_ENDOMETRIUM,ERBB3,chr12,56487576,56487576,SNP,Silent,G,A,A,g.chr12:56487576G>A,p.L503L,8,7,0.533333333,CCLE
RL952_ENDOMETRIUM,BRCA2,chr13,32912770,32912771,INS,Frame_Shift_Ins,-,T,T,g.chr13:32912770_32912771insT,p.T1426fs,84,93,0.474576271,CCLE
RL952_ENDOMETRIUM,BRCA2,chr13,32913952,32913953,INS,Frame_Shift_Ins,-,A,A,g.chr13:32913952_32913953insA,p.C1820fs,90,117,0.434782609,CCLE
RL952_ENDOMETRIUM,BRCA2,chr13,32931912,32931912,SNP,Missense_Mutation,A,G,G,g.chr13:32931912A>G,p.K2551E,80,75,0.516129032,CCLE
RL952_ENDOMETRIUM,IDH2,chr15,90627521,90627521,SNP,Missense_Mutation,C,G,G,g.chr15:90627521C>G,p.D446H,18,30,0.375,CCLE
RL952_ENDOMETRIUM,RPS6KB1,chr17,57992006,57992006,SNP,Missense_Mutation,T,C,C,g.chr17:57992006T>C,p.V108A,67,63,0.515384615,CCLE
RL952_ENDOMETRIUM,TP53,chr17,7578195,7578197,DEL,In_Frame_Del,CAC,-,-,g.chr17:7578195_7578197delCAC,p.V218del,52,78,0.4,CCLE
RL952_ENDOMETRIUM,ERBB4,chr2,212286818,212286818,SNP,Missense_Mutation,C,A,A,g.chr2:212286818C>A,p.D960Y,46,59,0.438095238,CCLE
RL952_ENDOMETRIUM,MSH2,chr2,47637509,47637509,SNP,Nonsense_Mutation,C,T,T,g.chr2:47637509C>T,p.Q215*,28,28,0.5,CCLE
RL952_ENDOMETRIUM,MSH2,chr2,47693857,47693857,SNP,Missense_Mutation,G,C,C,g.chr2:47693857G>C,p.R524P,42,34,0.552631579,CCLE
RL952_ENDOMETRIUM,MSH6,chr2,48030639,48030640,INS,Frame_Shift_Ins,-,C,C,g.chr2:48030639_48030640insC,p.T1085fs,88,169,0.342412451,CCLE
RL952_ENDOMETRIUM,GNAS,chr20,57430040,57430040,SNP,Missense_Mutation,G,A,A,g.chr20:57430040G>A,p.D574N,4,2,0.666666667,CCLE
RL952_ENDOMETRIUM,EP300,chr22,41527514,41527514,SNP,Missense_Mutation,G,A,A,g.chr22:41527514G>A,p.A469T,50,41,0.549450549,CCLE
RL952_ENDOMETRIUM,EP300,chr22,41574638,41574638,SNP,Missense_Mutation,G,A,A,g.chr22:41574638G>A,p.R2308H,32,27,0.542372881,CCLE
RL952_ENDOMETRIUM,EP300,chr22,41574678,41574679,INS,Frame_Shift_Ins,-,C,C,g.chr22:41574678_41574679insC,p.Q2321fs,45,71,0.387931034,CCLE
RL952_ENDOMETRIUM,RAF1,chr3,12653552,12653552,SNP,Nonsense_Mutation,G,A,A,g.chr3:12653552G>A,p.R73*,89,74,0.54601227,CCLE
RL952_ENDOMETRIUM,KDR,chr4,55968534,55968534,SNP,Missense_Mutation,T,G,G,g.chr4:55968534T>G,p.D710A,66,62,0.515625,CCLE
RL952_ENDOMETRIUM,PIK3R1,chr5,67584513,67584514,DEL,Intron,TT,-,-,g.chr5:67584513_67584514delTT,NA,77,133,0.366666667,CCLE
RL952_ENDOMETRIUM,PIK3R1,chr5,67589168,67589168,SNP,Missense_Mutation,C,G,G,g.chr5:67589168C>G,p.R386G,42,37,0.53164557,CCLE
RL952_ENDOMETRIUM,PIK3R1,chr5,67592099,67592099,SNP,Nonsense_Mutation,C,T,T,g.chr5:67592099C>T,p.R639*,25,36,0.409836066,CCLE
RL952_ENDOMETRIUM,MSH3,chr5,79970915,79970915,DEL,Frame_Shift_Del,A,-,-,g.chr5:79970915_79970915delA,p.K381fs,99,16,0.860869565,CCLE
RL952_ENDOMETRIUM,BRAF,chr7,140482927,140482927,DEL,Frame_Shift_Del,G,-,-,g.chr7:140482927_140482927delG,p.P403fs,62,109,0.362573099,CCLE
RL952_ENDOMETRIUM,MYC,chr8,128751064,128751064,SNP,Missense_Mutation,T,C,C,g.chr8:128751064T>C,p.S201P,34,76,0.309090909,CCLE
RL952_ENDOMETRIUM,NOTCH1,chr9,139409787,139409787,SNP,Missense_Mutation,C,A,A,g.chr9:139409787C>A,p.D657Y,30,35,0.461538462,CCLE
RL952_ENDOMETRIUM,JAK2,chr9,5029810,5029810,SNP,Missense_Mutation,T,C,C,g.chr9:5029810T>C,p.F85S,63,53,0.543103448,CCLE
RL952_ENDOMETRIUM,BTK,chrX,100611139,100611139,SNP,Missense_Mutation,C,T,T,g.chrX:100611139C>T,p.M523I,4,1,0.8,CCLE
RT11284_URINARY_TRACT,MYC,chr8,128750752,128750752,SNP,Missense_Mutation,C,T,T,g.chr8:128750752C>T,p.L97F,23,67,0.255555556,CCLE
RT4_URINARY_TRACT,TSC1,chr9,135781296,135781296,DEL,Frame_Shift_Del,G,-,-,g.chr9:135781296_135781296delG,p.L557fs,73,3,0.960526316,CCLE
SCC9_UPPER_AERODIGESTIVE_TRACT,HRAS,chr11,533505,533505,SNP,Missense_Mutation,A,C,C,g.chr11:533505A>C,p.L133R,83,101,0.451086957,CCLE
SCC9_UPPER_AERODIGESTIVE_TRACT,NF1,chr17,29684037,29684037,SNP,Missense_Mutation,G,C,C,g.chr17:29684037G>C,p.E2600Q,90,0,1,CCLE
SCC9_UPPER_AERODIGESTIVE_TRACT,ATR,chr3,142268340,142268340,SNP,Missense_Mutation,C,T,T,g.chr3:142268340C>T,p.R1051H,115,53,0.68452381,CCLE
SCC9_UPPER_AERODIGESTIVE_TRACT,PMS2,chr7,6038824,6038824,SNP,Missense_Mutation,C,T,T,g.chr7:6038824C>T,p.G207E,327,117,0.736486486,CCLE
SKBR3_BREAST,ERBB3,chr12,56493446,56493446,SNP,Missense_Mutation,G,C,C,g.chr12:56493446G>C,p.E952Q,15,36,0.294117647,CCLE
SKBR3_BREAST,TP53,chr17,7578406,7578406,SNP,Missense_Mutation,C,T,T,g.chr17:7578406C>T,p.R175H,33,0,1,CCLE
SKBR3_BREAST,KIT,chr4,55564500,55564500,SNP,Missense_Mutation,A,G,G,g.chr4:55564500A>G,p.N130D,71,18,0.797752809,CCLE
SKBR3_BREAST,MSH3,chr5,79950742,79950750,DEL,In_Frame_Del,CCCCCAGCT,-,-,g.chr5:79950742_79950750delCCCCCAGCT,p.PPA66del,5,8,0.384615385,CCLE
SKMEL28_SKIN,CDK4,chr12,58145431,58145431,SNP,Missense_Mutation,G,A,A,g.chr12:58145431G>A,p.R24C,51,23,0.689189189,CCLE
SKMEL28_SKIN,APC,chr5,112103053,112103053,SNP,Missense_Mutation,A,G,G,g.chr5:112103053A>G,p.S130G,145,16,0.900621118,CCLE
SKMEL28_SKIN,BRAF,chr7,140453136,140453136,SNP,Missense_Mutation,A,T,T,g.chr7:140453136A>T,p.V600E,98,1,0.98989899,CCLE
SKMEL28_SKIN,EGFR,chr7,55242487,55242487,SNP,Missense_Mutation,C,T,T,g.chr7:55242487C>T,p.P753S,91,0,1,CCLE
SKMEL28_SKIN,TSC1,chr9,135771987,135771988,INS,In_Frame_Ins,-,GCT,GCT,g.chr9:135771987_135771988insGCT,p.1043_1044insS,25,47,0.347222222,CCLE
SKMEL28_SKIN,JAK2,chr9,5072624,5072624,SNP,Missense_Mutation,G,A,A,g.chr9:5072624G>A,p.E592K,7,1,0.875,CCLE
SKNMC_BONE,MLL,chr11,118307615,118307615,SNP,Missense_Mutation,C,T,T,g.chr11:118307615C>T,p.R130W,2,1,0.666666667,CCLE
SKNMC_BONE,RB1,chr13,49033956,49033957,DNP,Missense_Mutation,GG,TT,TT,g.chr13:49033956_49033957GG>TT,p.R698I,116,1,0.991452991,CCLE
SKNMC_BONE,PIK3R1,chr5,67584340,67584341,INS,Intron,-,CGAGC,CGAGC,g.chr5:67584340_67584341insCGAGC,NA,3,5,0.375,CCLE
SU8686_PANCREAS,NOTCH2,chr1,120479948,120479948,SNP,Missense_Mutation,T,C,C,g.chr1:120479948T>C,p.H1160R,8,5,0.615384615,CCLE
SUDHL1_HAEMATOPOIETIC_AND_LYMPHOID_TISSUE,FANCL,chr2,58387283,58387284,DEL,Frame_Shift_Del,CT,-,-,g.chr2:58387283_58387284delCT,p.S356fs,36,25,0.590163934,CCLE
SUDHL1_HAEMATOPOIETIC_AND_LYMPHOID_TISSUE,EGFR,chr7,55211050,55211050,SNP,Missense_Mutation,G,A,A,g.chr7:55211050G>A,p.R98Q,69,51,0.575,CCLE
SW1417_LARGE_INTESTINE,TP53,chr17,7577556,7577569,DEL,Frame_Shift_Del,CAGGAACTGTTACA,-,-,g.chr17:7577556_7577569delCAGGAACTGTTACA,p.C238fs,8,1,0.888888889,CCLE
SW1417_LARGE_INTESTINE,APC,chr5,112175639,112175639,SNP,Nonsense_Mutation,C,T,T,g.chr5:112175639C>T,p.R1450*,21,1,0.954545455,CCLE
SW1417_LARGE_INTESTINE,MSH3,chr5,79950710,79950736,DEL,In_Frame_Del,CAGCGGCCGCAGCGGCCGCAGCGCCCC,-,-,g.chr5:79950710_79950736delCAGCGGCCGCAGCGGCCGCAGCGCCCC,p.AAAAAAAPP56del,5,1,0.833333333,CCLE
SW1417_LARGE_INTESTINE,MSH3,chr5,79950742,79950750,DEL,In_Frame_Del,CCCCCAGCT,-,-,g.chr5:79950742_79950750delCCCCCAGCT,p.PPA66del,10,7,0.588235294,CCLE
SW1417_LARGE_INTESTINE,BRAF,chr7,140453136,140453136,SNP,Missense_Mutation,A,T,T,g.chr7:140453136A>T,p.V600E,5,8,0.384615385,CCLE
SW48_LARGE_INTESTINE,MTOR,chr1,11174511,11174511,SNP,Splice_Site_SNP,C,A,A,g.chr1:11174511C>A,p.V2389_splice,277,269,0.507326007,CCLE
SW48_LARGE_INTESTINE,NOTCH2,chr1,120471800,120471800,SNP,Missense_Mutation,G,A,A,g.chr1:120471800G>A,p.R1231W,238,301,0.441558442,CCLE
SW48_LARGE_INTESTINE,AKT3,chr1,243668597,243668597,SNP,Missense_Mutation,C,T,T,g.chr1:243668597C>T,p.R465Q,271,256,0.514231499,CCLE
SW48_LARGE_INTESTINE,ARID1A,chr1,27101402,27101402,DEL,Frame_Shift_Del,C,-,-,g.chr1:27101402_27101402delC,p.P1562fs,73,97,0.429411765,CCLE
SW48_LARGE_INTESTINE,FGFR2,chr10,123353579,123353579,SNP,Intron,G,A,A,g.chr10:123353579G>A,NA,2,0,1,CCLE
SW48_LARGE_INTESTINE,RET,chr10,43604493,43604493,SNP,Missense_Mutation,C,T,T,g.chr10:43604493C>T,p.R360W,38,52,0.422222222,CCLE
SW48_LARGE_INTESTINE,HRAS,chr11,533328,533328,SNP,Intron,C,T,T,g.chr11:533328C>T,NA,3,3,0.5,CCLE
SW48_LARGE_INTESTINE,FLT1,chr13,28895620,28895620,SNP,Missense_Mutation,C,T,T,g.chr13:28895620C>T,p.D1052N,193,248,0.437641723,CCLE
SW48_LARGE_INTESTINE,BRCA2,chr13,32913559,32913559,DEL,Frame_Shift_Del,A,-,-,g.chr13:32913559_32913559delA,p.A1689fs,345,433,0.44344473,CCLE
SW48_LARGE_INTESTINE,BRCA2,chr13,32913837,32913837,DEL,Frame_Shift_Del,A,-,-,g.chr13:32913837_32913837delA,p.Q1782fs,341,368,0.480959097,CCLE
SW48_LARGE_INTESTINE,MAP2K1,chr15,66727451,66727451,SNP,Missense_Mutation,A,C,C,g.chr15:66727451A>C,p.Q56P,123,161,0.433098592,CCLE
SW48_LARGE_INTESTINE,MAP2K1,chr15,66729147,66729147,SNP,Missense_Mutation,C,T,T,g.chr15:66729147C>T,p.H119Y,319,405,0.440607735,CCLE
SW48_LARGE_INTESTINE,MAP2K1,chr15,66782085,66782085,SNP,Missense_Mutation,A,G,G,g.chr15:66782085A>G,p.D351G,299,372,0.445603577,CCLE
SW48_LARGE_INTESTINE,FANCI,chr15,89849327,89849327,SNP,Missense_Mutation,G,A,A,g.chr15:89849327G>A,p.E1147K,356,400,0.470899471,CCLE
SW48_LARGE_INTESTINE,CREBBP,chr16,3779211,3779211,DEL,Frame_Shift_Del,G,-,-,g.chr16:3779211_3779211delG,p.P1946fs,16,11,0.592592593,CCLE
SW48_LARGE_INTESTINE,CREBBP,chr16,3817721,3817721,DEL,Frame_Shift_Del,T,-,-,g.chr16:3817721_3817721delT,p.I1084fs,352,413,0.460130719,CCLE
SW48_LARGE_INTESTINE,NOTCH3,chr19,15278222,15278222,SNP,Missense_Mutation,C,T,T,g.chr19:15278222C>T,p.V1734I,8,6,0.571428571,CCLE
SW48_LARGE_INTESTINE,AKT2,chr19,40743956,40743956,SNP,Missense_Mutation,G,A,A,g.chr19:40743956G>A,p.R251W,78,38,0.672413793,CCLE
SW48_LARGE_INTESTINE,ALK,chr2,29416326,29416326,SNP,Missense_Mutation,G,A,A,g.chr2:29416326G>A,p.P1543S,20,20,0.5,CCLE
SW48_LARGE_INTESTINE,MSH6,chr2,48030639,48030640,INS,Frame_Shift_Ins,-,C,C,g.chr2:48030639_48030640insC,p.T1085fs,318,686,0.316733068,CCLE
SW48_LARGE_INTESTINE,GNAS,chr20,57415471,57415471,SNP,Missense_Mutation,G,A,A,g.chr20:57415471G>A,p.E104K,135,117,0.535714286,CCLE
SW48_LARGE_INTESTINE,EP300,chr22,41536164,41536164,SNP,Missense_Mutation,C,T,T,g.chr22:41536164C>T,p.T594M,150,126,0.543478261,CCLE
SW48_LARGE_INTESTINE,EP300,chr22,41566525,41566525,DEL,Frame_Shift_Del,A,-,-,g.chr22:41566525_41566525delA,p.K1468fs,290,402,0.419075145,CCLE
SW48_LARGE_INTESTINE,ATR,chr3,142180848,142180848,SNP,Missense_Mutation,T,C,C,g.chr3:142180848T>C,p.I2376V,84,525,0.137931034,CCLE
SW48_LARGE_INTESTINE,PIK3CA,chr3,178947865,178947865,SNP,Missense_Mutation,G,A,A,g.chr3:178947865G>A,p.G914R,393,400,0.495586381,CCLE
SW48_LARGE_INTESTINE,BCL6,chr3,187446153,187446153,SNP,Missense_Mutation,C,T,T,g.chr3:187446153C>T,p.S512N,2,2,0.5,CCLE
SW48_LARGE_INTESTINE,CTNNB1,chr3,41266101,41266101,SNP,Missense_Mutation,C,A,A,g.chr3:41266101C>A,p.S33Y,129,130,0.498069498,CCLE
SW48_LARGE_INTESTINE,FBXW7,chr4,153244156,153244156,DEL,Frame_Shift_Del,C,-,-,g.chr4:153244156_153244156delC,p.G667fs,344,521,0.397687861,CCLE
SW48_LARGE_INTESTINE,FGFR3,chr4,1801138,1801138,DEL,Frame_Shift_Del,G,-,-,g.chr4:1801138_1801138delG,p.V89fs,5,11,0.3125,CCLE
SW48_LARGE_INTESTINE,PDGFRA,chr4,55138600,55138600,SNP,Missense_Mutation,G,A,A,g.chr4:55138600G>A,p.G426D,231,223,0.508810573,CCLE
SW48_LARGE_INTESTINE,APC,chr5,112179431,112179431,SNP,Missense_Mutation,C,T,T,g.chr5:112179431C>T,p.R2714C,96,74,0.564705882,CCLE
SW48_LARGE_INTESTINE,PIK3CG,chr7,106508763,106508763,SNP,Missense_Mutation,G,A,A,g.chr7:106508763G>A,p.A253T,269,142,0.654501217,CCLE
SW48_LARGE_INTESTINE,SMO,chr7,128852004,128852004,DEL,Frame_Shift_Del,C,-,-,g.chr7:128852004_128852004delC,p.H692fs,15,8,0.652173913,CCLE
SW48_LARGE_INTESTINE,CARD11,chr7,2953038,2953038,SNP,Missense_Mutation,C,T,T,g.chr7:2953038C>T,p.A968T,145,75,0.659090909,CCLE
SW48_LARGE_INTESTINE,EGFR,chr7,55241707,55241707,SNP,Missense_Mutation,G,A,A,g.chr7:55241707G>A,p.G719S,6,23,0.206896552,CCLE
SW48_LARGE_INTESTINE,FGFR1,chr8,38275434,38275434,SNP,Missense_Mutation,C,A,A,g.chr8:38275434C>A,p.K502N,166,151,0.523659306,CCLE
SW48_LARGE_INTESTINE,TSC1,chr9,135802659,135802659,SNP,Missense_Mutation,C,T,T,g.chr9:135802659C>T,p.D47N,160,182,0.467836257,CCLE
SW48_LARGE_INTESTINE,NOTCH1,chr9,139409754,139409754,SNP,Missense_Mutation,G,A,A,g.chr9:139409754G>A,p.P668S,107,84,0.560209424,CCLE
SW48_LARGE_INTESTINE,PTCH1,chr9,98239971,98239971,SNP,Missense_Mutation,C,T,T,g.chr9:98239971C>T,p.C454Y,75,60,0.555555556,CCLE
SW48_LARGE_INTESTINE,AR,chrX,66765142,66765142,SNP,Missense_Mutation,G,A,A,g.chrX:66765142G>A,p.A52T,5,3,0.625,CCLE
SW780_URINARY_TRACT,CREBBP,chr16,3781324,3781326,DEL,In_Frame_Del,AGG,-,-,g.chr16:3781324_3781326delAGG,p.S1680del,31,5,0.861111111,CCLE
SW780_URINARY_TRACT,CDH1,chr16,68844229,68844229,SNP,Missense_Mutation,G,A,A,g.chr16:68844229G>A,p.E273K,17,24,0.414634146,CCLE
SW780_URINARY_TRACT,FGFR3,chr4,1808880,1808880,SNP,Missense_Mutation,C,T,T,g.chr4:1808880C>T,p.S773F,35,83,0.296610169,CCLE
SW780_URINARY_TRACT,MSH3,chr5,79950742,79950750,DEL,In_Frame_Del,CCCCCAGCT,-,-,g.chr5:79950742_79950750delCCCCCAGCT,p.PPA66del,31,50,0.382716049,CCLE
T47D_BREAST,ARID1A,chr1,27092809,27092809,SNP,Nonsense_Mutation,C,T,T,g.chr1:27092809C>T,p.Q944*,79,1,0.9875,CCLE
T47D_BREAST,TP53,chr17,7578269,7578269,SNP,Missense_Mutation,G,A,A,g.chr17:7578269G>A,p.L194F,89,0,1,CCLE
T47D_BREAST,PIK3CA,chr3,178952085,178952085,SNP,Missense_Mutation,A,G,G,g.chr3:178952085A>G,p.H1047R,229,56,0.803508772,CCLE
T47D_BREAST,MSH3,chr5,79950742,79950750,DEL,In_Frame_Del,CCCCCAGCT,-,-,g.chr5:79950742_79950750delCCCCCAGCT,p.PPA66del,6,8,0.428571429,CCLE
THP1_HAEMATOPOIETIC_AND_LYMPHOID_TISSUE,NRAS,chr1,115258747,115258747,SNP,Missense_Mutation,C,T,T,g.chr1:115258747C>T,p.G12D,157,65,0.707207207,CCLE
THP1_HAEMATOPOIETIC_AND_LYMPHOID_TISSUE,ATM,chr11,108139302,108139302,SNP,Missense_Mutation,C,G,G,g.chr11:108139302C>G,p.T935R,68,74,0.478873239,CCLE
THP1_HAEMATOPOIETIC_AND_LYMPHOID_TISSUE,PALB2,chr16,23640966,23640966,SNP,Missense_Mutation,C,T,T,g.chr16:23640966C>T,p.E837K,100,76,0.568181818,CCLE
THP1_HAEMATOPOIETIC_AND_LYMPHOID_TISSUE,RPS6KB1,chr17,58024224,58024225,INS,3'UTR,-,AA,AA,g.chr17:58024224_58024225insAA,NA,2,4,0.333333333,CCLE
THP1_HAEMATOPOIETIC_AND_LYMPHOID_TISSUE,TP53,chr17,7578385,7578410,DEL,Frame_Shift_Del,CAGCGCTCATGGTGGGGGCAGCGCCT,-,-,g.chr17:7578385_7578410delCAGCGCTCATGGTGGGGGCAGCGCCT,p.R174fs,24,19,0.558139535,CCLE
THP1_HAEMATOPOIETIC_AND_LYMPHOID_TISSUE,FGF2,chr4,123747947,123747947,SNP,Missense_Mutation,G,A,A,g.chr4:123747947G>A,p.G6D,4,3,0.571428571,CCLE
THP1_HAEMATOPOIETIC_AND_LYMPHOID_TISSUE,PIK3R1,chr5,67584527,67584527,SNP,Intron,T,C,C,g.chr5:67584527T>C,NA,106,103,0.507177033,CCLE
VCAP_PROSTATE,TP53,chr17,7577539,7577539,SNP,Missense_Mutation,G,A,A,g.chr17:7577539G>A,p.R248W,91,0,1,CCLE
VCAP_PROSTATE,MSH6,chr2,48030639,48030640,INS,Frame_Shift_Ins,-,C,C,g.chr2:48030639_48030640insC,p.T1085fs,108,97,0.526829268,CCLE
VCAP_PROSTATE,RICTOR,chr5,38966822,38966822,SNP,Missense_Mutation,C,G,G,g.chr5:38966822C>G,p.G407A,8,8,0.5,CCLE
VCAP_PROSTATE,MSH3,chr5,79950742,79950750,DEL,In_Frame_Del,CCCCCAGCT,-,-,g.chr5:79950742_79950750delCCCCCAGCT,p.PPA66del,10,17,0.37037037,CCLE
ZR751_BREAST,PTEN,chr10,89692839,89692839,SNP,Missense_Mutation,T,G,G,g.chr10:89692839T>G,p.L108R,185,0,1,CCLE
ZR751_BREAST,HRAS,chr11,532722,532722,SNP,Missense_Mutation,C,T,T,g.chr11:532722C>T,p.E162K,10,0,1,CCLE