5947138	106318	ENSG00000225516	906794	824318	salivary_gland	submaxillary	NS	NS	carcinoma	mucoepidermoid_carcinoma	NS	NS	A253	0	0	loss	619	37	Y:6612687..9525915
5947138	105270	TSPY3_ENST00000457222	906794	824318	salivary_gland	submaxillary	NS	NS	carcinoma	mucoepidermoid_carcinoma	NS	NS	A253	0	0	loss	619	37	Y:6612687..9525915
5947138	107453	AMELY_ENST00000383036	906794	824318	salivary_gland	submaxillary	NS	NS	carcinoma	mucoepidermoid_carcinoma	NS	NS	A253	0	0	loss	619	37	Y:6612687..9525915
5947138	396	PRKY	906794	824318	salivary_gland	submaxillary	NS	NS	carcinoma	mucoepidermoid_carcinoma	NS	NS	A253	0	0	loss	619	37	Y:6612687..9525915
5947138	66754	TBL1Y	906794	824318	salivary_gland	submaxillary	NS	NS	carcinoma	mucoepidermoid_carcinoma	NS	NS	A253	0	0	loss	619	37	Y:6612687..9525915
5947142	105923	NLGN4Y_ENST00000382868	906794	824318	salivary_gland	submaxillary	NS	NS	carcinoma	mucoepidermoid_carcinoma	NS	NS	A253	0	0	loss	619	37	Y:13800929..19673702
5947142	106268	UTY_ENST00000329134	906794	824318	salivary_gland	submaxillary	NS	NS	carcinoma	mucoepidermoid_carcinoma	NS	NS	A253	0	0	loss	619	37	Y:13800929..19673702
5947142	85721	UTY	906794	824318	salivary_gland	submaxillary	NS	NS	carcinoma	mucoepidermoid_carcinoma	NS	NS	A253	0	0	loss	619	37	Y:13800929..19673702
5947142	3591	DDX3Y	906794	824318	salivary_gland	submaxillary	NS	NS	carcinoma	mucoepidermoid_carcinoma	NS	NS	A253	0	0	loss	619	37	Y:13800929..19673702
5947142	69777	VCY1B	906794	824318	salivary_gland	submaxillary	NS	NS	carcinoma	mucoepidermoid_carcinoma	NS	NS	A253	0	0	loss	619	37	Y:13800929..19673702
5947142	104678	UTY_ENST00000382896	906794	824318	salivary_gland	submaxillary	NS	NS	carcinoma	mucoepidermoid_carcinoma	NS	NS	A253	0	0	loss	619	37	Y:13800929..19673702
5947142	93555	UTY_ENST00000331397	906794	824318	salivary_gland	submaxillary	NS	NS	carcinoma	mucoepidermoid_carcinoma	NS	NS	A253	0	0	loss	619	37	Y:13800929..19673702
5947142	108040	DDX3Y_ENST00000537441	906794	824318	salivary_gland	submaxillary	NS	NS	carcinoma	mucoepidermoid_carcinoma	NS	NS	A253	0	0	loss	619	37	Y:13800929..19673702
5947142	99932	NLGN4Y_ENST00000297967	906794	824318	salivary_gland	submaxillary	NS	NS	carcinoma	mucoepidermoid_carcinoma	NS	NS	A253	0	0	loss	619	37	Y:13800929..19673702
5947142	66760	VCY	906794	824318	salivary_gland	submaxillary	NS	NS	carcinoma	mucoepidermoid_carcinoma	NS	NS	A253	0	0	loss	619	37	Y:13800929..19673702
5947142	66761	NLGN4Y	906794	824318	salivary_gland	submaxillary	NS	NS	carcinoma	mucoepidermoid_carcinoma	NS	NS	A253	0	0	loss	619	37	Y:13800929..19673702
5947142	5475	USP9Y	906794	824318	salivary_gland	submaxillary	NS	NS	carcinoma	mucoepidermoid_carcinoma	NS	NS	A253	0	0	loss	619	37	Y:13800929..19673702
5947142	101391	UTY_ENST00000540140	906794	824318	salivary_gland	submaxillary	NS	NS	carcinoma	mucoepidermoid_carcinoma	NS	NS	A253	0	0	loss	619	37	Y:13800929..19673702
5947142	66759	TMSB4Y	906794	824318	salivary_gland	submaxillary	NS	NS	carcinoma	mucoepidermoid_carcinoma	NS	NS	A253	0	0	loss	619	37	Y:13800929..19673702
5947142	101525	GYG2P1	906794	824318	salivary_gland	submaxillary	NS	NS	carcinoma	mucoepidermoid_carcinoma	NS	NS	A253	0	0	loss	619	37	Y:13800929..19673702
5947144	69783	RBMY1F	906794	824318	salivary_gland	submaxillary	NS	NS	carcinoma	mucoepidermoid_carcinoma	NS	NS	A253	0	0	loss	619	37	Y:19853658..26230512
5947144	106281	DAZ1_ENST00000382510	906794	824318	salivary_gland	submaxillary	NS	NS	carcinoma	mucoepidermoid_carcinoma	NS	NS	A253	0	0	loss	619	37	Y:19853658..26230512
5947144	107973	BPY2	906794	824318	salivary_gland	submaxillary	NS	NS	carcinoma	mucoepidermoid_carcinoma	NS	NS	A253	0	0	loss	619	37	Y:19853658..26230512
5947144	69784	RBMY1J	906794	824318	salivary_gland	submaxillary	NS	NS	carcinoma	mucoepidermoid_carcinoma	NS	NS	A253	0	0	loss	619	37	Y:19853658..26230512
5944051	6806	ZNF521	906794	824318	salivary_gland	submaxillary	NS	NS	carcinoma	mucoepidermoid_carcinoma	NS	NS	A253	10	0	gain	619	37	18:22667767..22670764
5943513	74381	ZNF596	906794	824318	salivary_gland	submaxillary	NS	NS	carcinoma	mucoepidermoid_carcinoma	NS	NS	A253	0	0	loss	619	37	8:31255..3848750
5943513	107460	C8orf42_ENST00000427263	906794	824318	salivary_gland	submaxillary	NS	NS	carcinoma	mucoepidermoid_carcinoma	NS	NS	A253	0	0	loss	619	37	8:31255..3848750
5943513	91429	CLN8_ENST00000331222	906794	824318	salivary_gland	submaxillary	NS	NS	carcinoma	mucoepidermoid_carcinoma	NS	NS	A253	0	0	loss	619	37	8:31255..3848750
5943513	85641	O95014_HUMAN	906794	824318	salivary_gland	submaxillary	NS	NS	carcinoma	mucoepidermoid_carcinoma	NS	NS	A253	0	0	loss	619	37	8:31255..3848750
5943515	92772	CSMD1_ENST00000537824	906794	824318	salivary_gland	submaxillary	NS	NS	carcinoma	mucoepidermoid_carcinoma	NS	NS	A253	0	0	loss	619	37	8:3935771..3945163
5947144	69782	PRY2	906794	824318	salivary_gland	submaxillary	NS	NS	carcinoma	mucoepidermoid_carcinoma	NS	NS	A253	0	0	loss	619	37	Y:19853658..26230512
5947144	106400	RBMY1D_ENST00000382680	906794	824318	salivary_gland	submaxillary	NS	NS	carcinoma	mucoepidermoid_carcinoma	NS	NS	A253	0	0	loss	619	37	Y:19853658..26230512
5947144	66767	EIF1AY	906794	824318	salivary_gland	submaxillary	NS	NS	carcinoma	mucoepidermoid_carcinoma	NS	NS	A253	0	0	loss	619	37	Y:19853658..26230512
5947144	66763	HSFY1	906794	824318	salivary_gland	submaxillary	NS	NS	carcinoma	mucoepidermoid_carcinoma	NS	NS	A253	0	0	loss	619	37	Y:19853658..26230512
5947144	69778	CDY2B	906794	824318	salivary_gland	submaxillary	NS	NS	carcinoma	mucoepidermoid_carcinoma	NS	NS	A253	0	0	loss	619	37	Y:19853658..26230512
5947144	69786	CDY1B	906794	824318	salivary_gland	submaxillary	NS	NS	carcinoma	mucoepidermoid_carcinoma	NS	NS	A253	0	0	loss	619	37	Y:19853658..26230512
5947144	69781	RBMY1E	906794	824318	salivary_gland	submaxillary	NS	NS	carcinoma	mucoepidermoid_carcinoma	NS	NS	A253	0	0	loss	619	37	Y:19853658..26230512
5947144	69779	RBMY1B	906794	824318	salivary_gland	submaxillary	NS	NS	carcinoma	mucoepidermoid_carcinoma	NS	NS	A253	0	0	loss	619	37	Y:19853658..26230512
5947144	66765	CYorf15B	906794	824318	salivary_gland	submaxillary	NS	NS	carcinoma	mucoepidermoid_carcinoma	NS	NS	A253	0	0	loss	619	37	Y:19853658..26230512
5947144	103307	DAZ1	906794	824318	salivary_gland	submaxillary	NS	NS	carcinoma	mucoepidermoid_carcinoma	NS	NS	A253	0	0	loss	619	37	Y:19853658..26230512
5947144	66764	HSFY2	906794	824318	salivary_gland	submaxillary	NS	NS	carcinoma	mucoepidermoid_carcinoma	NS	NS	A253	0	0	loss	619	37	Y:19853658..26230512
5947144	66769	PRY	906794	824318	salivary_gland	submaxillary	NS	NS	carcinoma	mucoepidermoid_carcinoma	NS	NS	A253	0	0	loss	619	37	Y:19853658..26230512
5947144	75764	RPS4Y2	906794	824318	salivary_gland	submaxillary	NS	NS	carcinoma	mucoepidermoid_carcinoma	NS	NS	A253	0	0	loss	619	37	Y:19853658..26230512
5947144	1523	BCORP1	906794	824318	salivary_gland	submaxillary	NS	NS	carcinoma	mucoepidermoid_carcinoma	NS	NS	A253	0	0	loss	619	37	Y:19853658..26230512
5947144	69785	DAZ2	906794	824318	salivary_gland	submaxillary	NS	NS	carcinoma	mucoepidermoid_carcinoma	NS	NS	A253	0	0	loss	619	37	Y:19853658..26230512
5947144	105846	CYorf17	906794	824318	salivary_gland	submaxillary	NS	NS	carcinoma	mucoepidermoid_carcinoma	NS	NS	A253	0	0	loss	619	37	Y:19853658..26230512
5947144	66762	CDY2A	906794	824318	salivary_gland	submaxillary	NS	NS	carcinoma	mucoepidermoid_carcinoma	NS	NS	A253	0	0	loss	619	37	Y:19853658..26230512
5947144	3407	KDM5D	906794	824318	salivary_gland	submaxillary	NS	NS	carcinoma	mucoepidermoid_carcinoma	NS	NS	A253	0	0	loss	619	37	Y:19853658..26230512
5947144	66768	RBMY1A1	906794	824318	salivary_gland	submaxillary	NS	NS	carcinoma	mucoepidermoid_carcinoma	NS	NS	A253	0	0	loss	619	37	Y:19853658..26230512
5947144	92516	TXLNG2P	906794	824318	salivary_gland	submaxillary	NS	NS	carcinoma	mucoepidermoid_carcinoma	NS	NS	A253	0	0	loss	619	37	Y:19853658..26230512
5947146	75765	BPY2B	906794	824318	salivary_gland	submaxillary	NS	NS	carcinoma	mucoepidermoid_carcinoma	NS	NS	A253	0	0	loss	619	37	Y:26482388..26949048
5947146	69787	DAZ3	906794	824318	salivary_gland	submaxillary	NS	NS	carcinoma	mucoepidermoid_carcinoma	NS	NS	A253	0	0	loss	619	37	Y:26482388..26949048
5943583	5698	FADD	906794	824318	salivary_gland	submaxillary	NS	NS	carcinoma	mucoepidermoid_carcinoma	NS	NS	A253	9	2	gain	619	37	11:69910890..70789179
5943583	96989	SHANK2_ENST00000357171	906794	824318	salivary_gland	submaxillary	NS	NS	carcinoma	mucoepidermoid_carcinoma	NS	NS	A253	9	2	gain	619	37	11:69910890..70789179
5943583	7093	PPFIA1	906794	824318	salivary_gland	submaxillary	NS	NS	carcinoma	mucoepidermoid_carcinoma	NS	NS	A253	9	2	gain	619	37	11:69910890..70789179
5943583	95943	CTTN_ENST00000376561	906794	824318	salivary_gland	submaxillary	NS	NS	carcinoma	mucoepidermoid_carcinoma	NS	NS	A253	9	2	gain	619	37	11:69910890..70789179
5943583	93136	ANO1_ENST00000355303	906794	824318	salivary_gland	submaxillary	NS	NS	carcinoma	mucoepidermoid_carcinoma	NS	NS	A253	9	2	gain	619	37	11:69910890..70789179
5943586	94845	CACNA1C_ENST00000399617	906794	824318	salivary_gland	submaxillary	NS	NS	carcinoma	mucoepidermoid_carcinoma	NS	NS	A253	0	0	loss	619	37	12:2235890..2258407
5943586	90513	CACNA1C	906794	824318	salivary_gland	submaxillary	NS	NS	carcinoma	mucoepidermoid_carcinoma	NS	NS	A253	0	0	loss	619	37	12:2235890..2258407
5943586	95035	CACNA1C_ENST00000347598	906794	824318	salivary_gland	submaxillary	NS	NS	carcinoma	mucoepidermoid_carcinoma	NS	NS	A253	0	0	loss	619	37	12:2235890..2258407
5943586	93175	CACNA1C_ENST00000344100	906794	824318	salivary_gland	submaxillary	NS	NS	carcinoma	mucoepidermoid_carcinoma	NS	NS	A253	0	0	loss	619	37	12:2235890..2258407
5943586	101058	CACNA1C_ENST00000399634	906794	824318	salivary_gland	submaxillary	NS	NS	carcinoma	mucoepidermoid_carcinoma	NS	NS	A253	0	0	loss	619	37	12:2235890..2258407
5944008	92636	C14orf162	906794	824318	salivary_gland	submaxillary	NS	NS	carcinoma	mucoepidermoid_carcinoma	NS	NS	A253	10	1	gain	619	37	14:69966424..70200463
5944008	95084	PLEKHD1_ENST00000322564	906794	824318	salivary_gland	submaxillary	NS	NS	carcinoma	mucoepidermoid_carcinoma	NS	NS	A253	10	1	gain	619	37	14:69966424..70200463
5944008	78363	PLEKHD1	906794	824318	salivary_gland	submaxillary	NS	NS	carcinoma	mucoepidermoid_carcinoma	NS	NS	A253	10	1	gain	619	37	14:69966424..70200463
5944008	62646	KIAA0247	906794	824318	salivary_gland	submaxillary	NS	NS	carcinoma	mucoepidermoid_carcinoma	NS	NS	A253	10	1	gain	619	37	14:69966424..70200463
5944008	84845	ENSG00000197799	906794	824318	salivary_gland	submaxillary	NS	NS	carcinoma	mucoepidermoid_carcinoma	NS	NS	A253	10	1	gain	619	37	14:69966424..70200463
5944008	107426	ENSG00000267909	906794	824318	salivary_gland	submaxillary	NS	NS	carcinoma	mucoepidermoid_carcinoma	NS	NS	A253	10	1	gain	619	37	14:69966424..70200463
5944032	93907	WWOX_ENST00000299644	906794	824318	salivary_gland	submaxillary	NS	NS	carcinoma	mucoepidermoid_carcinoma	NS	NS	A253	0	0	loss	619	37	16:79032550..79057460
5944032	92017	WWOX_ENST00000408984	906794	824318	salivary_gland	submaxillary	NS	NS	carcinoma	mucoepidermoid_carcinoma	NS	NS	A253	0	0	loss	619	37	16:79032550..79057460
5944037	86794	CDH13	906794	824318	salivary_gland	submaxillary	NS	NS	carcinoma	mucoepidermoid_carcinoma	NS	NS	A253	0	0	loss	619	37	16:83664336..83794234
5944037	90897	CDH13_ENST00000268613	906794	824318	salivary_gland	submaxillary	NS	NS	carcinoma	mucoepidermoid_carcinoma	NS	NS	A253	0	0	loss	619	37	16:83664336..83794234
5942959	54609	RHD	906794	824318	salivary_gland	submaxillary	NS	NS	carcinoma	mucoepidermoid_carcinoma	NS	NS	A253	0	0	loss	619	37	1:25583292..25663345
5942970	67110	OR2T11	906794	824318	salivary_gland	submaxillary	NS	NS	carcinoma	mucoepidermoid_carcinoma	NS	NS	A253	0	0	loss	619	37	1:248736076..248797214
5942970	67108	OR2T34	906794	824318	salivary_gland	submaxillary	NS	NS	carcinoma	mucoepidermoid_carcinoma	NS	NS	A253	0	0	loss	619	37	1:248736076..248797214
5942970	67109	OR2T10	906794	824318	salivary_gland	submaxillary	NS	NS	carcinoma	mucoepidermoid_carcinoma	NS	NS	A253	0	0	loss	619	37	1:248736076..248797214
5943453	58287	HIST1H2BF	906794	824318	salivary_gland	submaxillary	NS	NS	carcinoma	mucoepidermoid_carcinoma	NS	NS	A253	0	0	loss	619	37	6:26056824..26235315
5943453	58292	HIST1H1D	906794	824318	salivary_gland	submaxillary	NS	NS	carcinoma	mucoepidermoid_carcinoma	NS	NS	A253	0	0	loss	619	37	6:26056824..26235315
5943453	58288	HIST1H4E	906794	824318	salivary_gland	submaxillary	NS	NS	carcinoma	mucoepidermoid_carcinoma	NS	NS	A253	0	0	loss	619	37	6:26056824..26235315
5943453	58284	HIST1H4D	906794	824318	salivary_gland	submaxillary	NS	NS	carcinoma	mucoepidermoid_carcinoma	NS	NS	A253	0	0	loss	619	37	6:26056824..26235315
5943453	58291	HIST1H3E	906794	824318	salivary_gland	submaxillary	NS	NS	carcinoma	mucoepidermoid_carcinoma	NS	NS	A253	0	0	loss	619	37	6:26056824..26235315
5943453	105767	HFE_ENST00000470149	906794	824318	salivary_gland	submaxillary	NS	NS	carcinoma	mucoepidermoid_carcinoma	NS	NS	A253	0	0	loss	619	37	6:26056824..26235315
5947148	66770	CDY1	906794	824318	salivary_gland	submaxillary	NS	NS	carcinoma	mucoepidermoid_carcinoma	NS	NS	A253	0	0	loss	619	37	Y:27690967..28690738
5946687	95718	SIRPB1_ENST00000279477	906794	824318	salivary_gland	submaxillary	NS	NS	carcinoma	mucoepidermoid_carcinoma	NS	NS	A253	0	0	loss	619	37	20:1571904..1585060
5946687	65365	SIRPB1	906794	824318	salivary_gland	submaxillary	NS	NS	carcinoma	mucoepidermoid_carcinoma	NS	NS	A253	0	0	loss	619	37	20:1571904..1585060
5947122	6276	LOC286512	906794	824318	salivary_gland	submaxillary	NS	NS	carcinoma	mucoepidermoid_carcinoma	NS	NS	A253	0	0	loss	619	37	X:52597713..53027739
5947122	69678	FAM156A	906794	824318	salivary_gland	submaxillary	NS	NS	carcinoma	mucoepidermoid_carcinoma	NS	NS	A253	0	0	loss	619	37	X:52597713..53027739
5947122	5598	SSX2	906794	824318	salivary_gland	submaxillary	NS	NS	carcinoma	mucoepidermoid_carcinoma	NS	NS	A253	0	0	loss	619	37	X:52597713..53027739
5947122	69677	SPANXN5	906794	824318	salivary_gland	submaxillary	NS	NS	carcinoma	mucoepidermoid_carcinoma	NS	NS	A253	0	0	loss	619	37	X:52597713..53027739
5947122	6346	LOC442452	906794	824318	salivary_gland	submaxillary	NS	NS	carcinoma	mucoepidermoid_carcinoma	NS	NS	A253	0	0	loss	619	37	X:52597713..53027739
5947122	75732	FAM156B	906794	824318	salivary_gland	submaxillary	NS	NS	carcinoma	mucoepidermoid_carcinoma	NS	NS	A253	0	0	loss	619	37	X:52597713..53027739
5947122	6773	XAGE3	906794	824318	salivary_gland	submaxillary	NS	NS	carcinoma	mucoepidermoid_carcinoma	NS	NS	A253	0	0	loss	619	37	X:52597713..53027739
5947122	104739	XAGE5_ENST00000375503	906794	824318	salivary_gland	submaxillary	NS	NS	carcinoma	mucoepidermoid_carcinoma	NS	NS	A253	0	0	loss	619	37	X:52597713..53027739
5947122	6774	XAGE5	906794	824318	salivary_gland	submaxillary	NS	NS	carcinoma	mucoepidermoid_carcinoma	NS	NS	A253	0	0	loss	619	37	X:52597713..53027739
5947122	102724	SSX2_ENST00000336777	906794	824318	salivary_gland	submaxillary	NS	NS	carcinoma	mucoepidermoid_carcinoma	NS	NS	A253	0	0	loss	619	37	X:52597713..53027739
5947122	66399	SSX7	906794	824318	salivary_gland	submaxillary	NS	NS	carcinoma	mucoepidermoid_carcinoma	NS	NS	A253	0	0	loss	619	37	X:52597713..53027739
5947122	106390	SSX2B	906794	824318	salivary_gland	submaxillary	NS	NS	carcinoma	mucoepidermoid_carcinoma	NS	NS	A253	0	0	loss	619	37	X:52597713..53027739
5947128	66749	RPS4Y1	906794	824318	salivary_gland	submaxillary	NS	NS	carcinoma	mucoepidermoid_carcinoma	NS	NS	A253	0	0	loss	619	37	Y:2650439..2946026
5947128	66750	ZFY	906794	824318	salivary_gland	submaxillary	NS	NS	carcinoma	mucoepidermoid_carcinoma	NS	NS	A253	0	0	loss	619	37	Y:2650439..2946026
5947128	105276	RPS4Y1_ENST00000430575	906794	824318	salivary_gland	submaxillary	NS	NS	carcinoma	mucoepidermoid_carcinoma	NS	NS	A253	0	0	loss	619	37	Y:2650439..2946026
5947128	66748	SRY	906794	824318	salivary_gland	submaxillary	NS	NS	carcinoma	mucoepidermoid_carcinoma	NS	NS	A253	0	0	loss	619	37	Y:2650439..2946026
5947130	66751	TGIF2LY	906794	824318	salivary_gland	submaxillary	NS	NS	carcinoma	mucoepidermoid_carcinoma	NS	NS	A253	0	0	loss	619	37	Y:3111992..3827532
5947134	107838	PCDH11Y_ENST00000400457	906794	824318	salivary_gland	submaxillary	NS	NS	carcinoma	mucoepidermoid_carcinoma	NS	NS	A253	0	0	loss	619	37	Y:5307665..5392975
5947134	94344	PCDH11Y_ENST00000215473	906794	824318	salivary_gland	submaxillary	NS	NS	carcinoma	mucoepidermoid_carcinoma	NS	NS	A253	0	0	loss	619	37	Y:5307665..5392975
5947136	69775	TSPY2	906794	824318	salivary_gland	submaxillary	NS	NS	carcinoma	mucoepidermoid_carcinoma	NS	NS	A253	0	0	loss	619	37	Y:5509653..6228949
5947136	107838	PCDH11Y_ENST00000400457	906794	824318	salivary_gland	submaxillary	NS	NS	carcinoma	mucoepidermoid_carcinoma	NS	NS	A253	0	0	loss	619	37	Y:5509653..6228949
5947136	94344	PCDH11Y_ENST00000215473	906794	824318	salivary_gland	submaxillary	NS	NS	carcinoma	mucoepidermoid_carcinoma	NS	NS	A253	0	0	loss	619	37	Y:5509653..6228949
5947138	69776	TSPY3	906794	824318	salivary_gland	submaxillary	NS	NS	carcinoma	mucoepidermoid_carcinoma	NS	NS	A253	0	0	loss	619	37	Y:6612687..9525915
5947138	105850	TSPY8	906794	824318	salivary_gland	submaxillary	NS	NS	carcinoma	mucoepidermoid_carcinoma	NS	NS	A253	0	0	loss	619	37	Y:6612687..9525915
5947138	106345	TSPY8_ENST00000287721	906794	824318	salivary_gland	submaxillary	NS	NS	carcinoma	mucoepidermoid_carcinoma	NS	NS	A253	0	0	loss	619	37	Y:6612687..9525915
5947138	106434	TSPY10	906794	824318	salivary_gland	submaxillary	NS	NS	carcinoma	mucoepidermoid_carcinoma	NS	NS	A253	0	0	loss	619	37	Y:6612687..9525915
5947138	94907	TSPY1	906794	824318	salivary_gland	submaxillary	NS	NS	carcinoma	mucoepidermoid_carcinoma	NS	NS	A253	0	0	loss	619	37	Y:6612687..9525915
5947138	106372	TSPY4	906794	824318	salivary_gland	submaxillary	NS	NS	carcinoma	mucoepidermoid_carcinoma	NS	NS	A253	0	0	loss	619	37	Y:6612687..9525915
5947138	106713	FAM197Y1	906794	824318	salivary_gland	submaxillary	NS	NS	carcinoma	mucoepidermoid_carcinoma	NS	NS	A253	0	0	loss	619	37	Y:6612687..9525915
5947138	106304	TSPY3_ENST00000383010	906794	824318	salivary_gland	submaxillary	NS	NS	carcinoma	mucoepidermoid_carcinoma	NS	NS	A253	0	0	loss	619	37	Y:6612687..9525915
5947138	66753	AMELY	906794	824318	salivary_gland	submaxillary	NS	NS	carcinoma	mucoepidermoid_carcinoma	NS	NS	A253	0	0	loss	619	37	Y:6612687..9525915
5943453	58281	HIST1H1E	906794	824318	salivary_gland	submaxillary	NS	NS	carcinoma	mucoepidermoid_carcinoma	NS	NS	A253	0	0	loss	619	37	6:26056824..26235315
5943453	58280	HIST1H2AC	906794	824318	salivary_gland	submaxillary	NS	NS	carcinoma	mucoepidermoid_carcinoma	NS	NS	A253	0	0	loss	619	37	6:26056824..26235315
5943453	58286	HIST1H2AD	906794	824318	salivary_gland	submaxillary	NS	NS	carcinoma	mucoepidermoid_carcinoma	NS	NS	A253	0	0	loss	619	37	6:26056824..26235315
5943453	58290	HIST1H2AE	906794	824318	salivary_gland	submaxillary	NS	NS	carcinoma	mucoepidermoid_carcinoma	NS	NS	A253	0	0	loss	619	37	6:26056824..26235315
5943453	58278	HIST1H4C	906794	824318	salivary_gland	submaxillary	NS	NS	carcinoma	mucoepidermoid_carcinoma	NS	NS	A253	0	0	loss	619	37	6:26056824..26235315
5943453	69149	HIST1H1T	906794	824318	salivary_gland	submaxillary	NS	NS	carcinoma	mucoepidermoid_carcinoma	NS	NS	A253	0	0	loss	619	37	6:26056824..26235315
5943453	58277	HFE	906794	824318	salivary_gland	submaxillary	NS	NS	carcinoma	mucoepidermoid_carcinoma	NS	NS	A253	0	0	loss	619	37	6:26056824..26235315
5943453	58283	HIST1H2BE	906794	824318	salivary_gland	submaxillary	NS	NS	carcinoma	mucoepidermoid_carcinoma	NS	NS	A253	0	0	loss	619	37	6:26056824..26235315
5943453	58285	HIST1H3D	906794	824318	salivary_gland	submaxillary	NS	NS	carcinoma	mucoepidermoid_carcinoma	NS	NS	A253	0	0	loss	619	37	6:26056824..26235315
5943453	58289	HIST1H2BG	906794	824318	salivary_gland	submaxillary	NS	NS	carcinoma	mucoepidermoid_carcinoma	NS	NS	A253	0	0	loss	619	37	6:26056824..26235315
5943453	58282	HIST1H2BD	906794	824318	salivary_gland	submaxillary	NS	NS	carcinoma	mucoepidermoid_carcinoma	NS	NS	A253	0	0	loss	619	37	6:26056824..26235315
5943453	58279	HIST1H2BC	906794	824318	salivary_gland	submaxillary	NS	NS	carcinoma	mucoepidermoid_carcinoma	NS	NS	A253	0	0	loss	619	37	6:26056824..26235315
5943513	101779	ARHGEF10_ENST00000398560	906794	824318	salivary_gland	submaxillary	NS	NS	carcinoma	mucoepidermoid_carcinoma	NS	NS	A253	0	0	loss	619	37	8:31255..3848750
5943513	107337	ENSG00000250210	906794	824318	salivary_gland	submaxillary	NS	NS	carcinoma	mucoepidermoid_carcinoma	NS	NS	A253	0	0	loss	619	37	8:31255..3848750
5943513	92772	CSMD1_ENST00000537824	906794	824318	salivary_gland	submaxillary	NS	NS	carcinoma	mucoepidermoid_carcinoma	NS	NS	A253	0	0	loss	619	37	8:31255..3848750
5943513	78342	FA87B_HUMAN	906794	824318	salivary_gland	submaxillary	NS	NS	carcinoma	mucoepidermoid_carcinoma	NS	NS	A253	0	0	loss	619	37	8:31255..3848750
5943513	59432	CLN8	906794	824318	salivary_gland	submaxillary	NS	NS	carcinoma	mucoepidermoid_carcinoma	NS	NS	A253	0	0	loss	619	37	8:31255..3848750
5943513	90596	CSMD1_ENST00000318252	906794	824318	salivary_gland	submaxillary	NS	NS	carcinoma	mucoepidermoid_carcinoma	NS	NS	A253	0	0	loss	619	37	8:31255..3848750
5943513	86549	DLGAP2	906794	824318	salivary_gland	submaxillary	NS	NS	carcinoma	mucoepidermoid_carcinoma	NS	NS	A253	0	0	loss	619	37	8:31255..3848750
5943513	2582	ARHGEF10	906794	824318	salivary_gland	submaxillary	NS	NS	carcinoma	mucoepidermoid_carcinoma	NS	NS	A253	0	0	loss	619	37	8:31255..3848750
5943513	2885	FBXO25	906794	824318	salivary_gland	submaxillary	NS	NS	carcinoma	mucoepidermoid_carcinoma	NS	NS	A253	0	0	loss	619	37	8:31255..3848750
5943513	69421	OR4F21	906794	824318	salivary_gland	submaxillary	NS	NS	carcinoma	mucoepidermoid_carcinoma	NS	NS	A253	0	0	loss	619	37	8:31255..3848750
5943513	86796	CSMD1	906794	824318	salivary_gland	submaxillary	NS	NS	carcinoma	mucoepidermoid_carcinoma	NS	NS	A253	0	0	loss	619	37	8:31255..3848750
5943513	59431	ERICH1	906794	824318	salivary_gland	submaxillary	NS	NS	carcinoma	mucoepidermoid_carcinoma	NS	NS	A253	0	0	loss	619	37	8:31255..3848750
5943513	105240	CSMD1_ENST00000539096	906794	824318	salivary_gland	submaxillary	NS	NS	carcinoma	mucoepidermoid_carcinoma	NS	NS	A253	0	0	loss	619	37	8:31255..3848750
5943513	69423	KBTBD11	906794	824318	salivary_gland	submaxillary	NS	NS	carcinoma	mucoepidermoid_carcinoma	NS	NS	A253	0	0	loss	619	37	8:31255..3848750
5943513	90595	DLGAP2_ENST00000356067	906794	824318	salivary_gland	submaxillary	NS	NS	carcinoma	mucoepidermoid_carcinoma	NS	NS	A253	0	0	loss	619	37	8:31255..3848750
5943513	59433	MYOM2	906794	824318	salivary_gland	submaxillary	NS	NS	carcinoma	mucoepidermoid_carcinoma	NS	NS	A253	0	0	loss	619	37	8:31255..3848750
5943513	85810	ARHGEF10_ENST00000398564	906794	824318	salivary_gland	submaxillary	NS	NS	carcinoma	mucoepidermoid_carcinoma	NS	NS	A253	0	0	loss	619	37	8:31255..3848750
5943513	92161	C8orf42	906794	824318	salivary_gland	submaxillary	NS	NS	carcinoma	mucoepidermoid_carcinoma	NS	NS	A253	0	0	loss	619	37	8:31255..3848750
5943515	105240	CSMD1_ENST00000539096	906794	824318	salivary_gland	submaxillary	NS	NS	carcinoma	mucoepidermoid_carcinoma	NS	NS	A253	0	0	loss	619	37	8:3935771..3945163
5943527	92776	ZDHHC2	906794	824318	salivary_gland	submaxillary	NS	NS	carcinoma	mucoepidermoid_carcinoma	NS	NS	A253	12	1	gain	619	37	8:16117926..17087461
5943527	59461	FGF20	906794	824318	salivary_gland	submaxillary	NS	NS	carcinoma	mucoepidermoid_carcinoma	NS	NS	A253	12	1	gain	619	37	8:16117926..17087461
5943527	59462	EFHA2	906794	824318	salivary_gland	submaxillary	NS	NS	carcinoma	mucoepidermoid_carcinoma	NS	NS	A253	12	1	gain	619	37	8:16117926..17087461
5943528	93505	MTUS1_ENST00000381861	906794	824318	salivary_gland	submaxillary	NS	NS	carcinoma	mucoepidermoid_carcinoma	NS	NS	A253	9	1	gain	619	37	8:17088503..17773110
5943528	59466	FGL1	906794	824318	salivary_gland	submaxillary	NS	NS	carcinoma	mucoepidermoid_carcinoma	NS	NS	A253	9	1	gain	619	37	8:17088503..17773110
5943528	105296	MTUS1_ENST00000400046	906794	824318	salivary_gland	submaxillary	NS	NS	carcinoma	mucoepidermoid_carcinoma	NS	NS	A253	9	1	gain	619	37	8:17088503..17773110
5943528	59463	CNOT7	906794	824318	salivary_gland	submaxillary	NS	NS	carcinoma	mucoepidermoid_carcinoma	NS	NS	A253	9	1	gain	619	37	8:17088503..17773110
5943528	59465	PDGFRL	906794	824318	salivary_gland	submaxillary	NS	NS	carcinoma	mucoepidermoid_carcinoma	NS	NS	A253	9	1	gain	619	37	8:17088503..17773110
5943528	69436	SLC7A2	906794	824318	salivary_gland	submaxillary	NS	NS	carcinoma	mucoepidermoid_carcinoma	NS	NS	A253	9	1	gain	619	37	8:17088503..17773110
5943528	75634	MTUS1	906794	824318	salivary_gland	submaxillary	NS	NS	carcinoma	mucoepidermoid_carcinoma	NS	NS	A253	9	1	gain	619	37	8:17088503..17773110
5943528	93565	MTUS1_ENST00000297488	906794	824318	salivary_gland	submaxillary	NS	NS	carcinoma	mucoepidermoid_carcinoma	NS	NS	A253	9	1	gain	619	37	8:17088503..17773110
5943528	69435	MTMR7	906794	824318	salivary_gland	submaxillary	NS	NS	carcinoma	mucoepidermoid_carcinoma	NS	NS	A253	9	1	gain	619	37	8:17088503..17773110
5943528	105297	MTUS1_ENST00000381862	906794	824318	salivary_gland	submaxillary	NS	NS	carcinoma	mucoepidermoid_carcinoma	NS	NS	A253	9	1	gain	619	37	8:17088503..17773110
5943528	59464	VPS37A	906794	824318	salivary_gland	submaxillary	NS	NS	carcinoma	mucoepidermoid_carcinoma	NS	NS	A253	9	1	gain	619	37	8:17088503..17773110
5943528	93564	SLC7A2_ENST00000470360	906794	824318	salivary_gland	submaxillary	NS	NS	carcinoma	mucoepidermoid_carcinoma	NS	NS	A253	9	1	gain	619	37	8:17088503..17773110
5943563	67149	GPRIN2	906794	824318	salivary_gland	submaxillary	NS	NS	carcinoma	mucoepidermoid_carcinoma	NS	NS	A253	0	0	loss	619	37	10:46995421..47059822
5943582	5704	FGF4	906794	824318	salivary_gland	submaxillary	NS	NS	carcinoma	mucoepidermoid_carcinoma	NS	NS	A253	14	2	gain	619	37	11:68815523..69910840
5943582	5703	FGF3	906794	824318	salivary_gland	submaxillary	NS	NS	carcinoma	mucoepidermoid_carcinoma	NS	NS	A253	14	2	gain	619	37	11:68815523..69910840
5943582	61279	TPCN2	906794	824318	salivary_gland	submaxillary	NS	NS	carcinoma	mucoepidermoid_carcinoma	NS	NS	A253	14	2	gain	619	37	11:68815523..69910840
5943582	99528	CCND1_ENST00000227507	906794	824318	salivary_gland	submaxillary	NS	NS	carcinoma	mucoepidermoid_carcinoma	NS	NS	A253	14	2	gain	619	37	11:68815523..69910840
5943582	106883	ENSG00000268351	906794	824318	salivary_gland	submaxillary	NS	NS	carcinoma	mucoepidermoid_carcinoma	NS	NS	A253	14	2	gain	619	37	11:68815523..69910840
5943582	5701	FGF19	906794	824318	salivary_gland	submaxillary	NS	NS	carcinoma	mucoepidermoid_carcinoma	NS	NS	A253	14	2	gain	619	37	11:68815523..69910840
5943582	5758	ORAOV1	906794	824318	salivary_gland	submaxillary	NS	NS	carcinoma	mucoepidermoid_carcinoma	NS	NS	A253	14	2	gain	619	37	11:68815523..69910840
5943582	3241	CCND1	906794	824318	salivary_gland	submaxillary	NS	NS	carcinoma	mucoepidermoid_carcinoma	NS	NS	A253	14	2	gain	619	37	11:68815523..69910840
5943582	61280	MYEOV	906794	824318	salivary_gland	submaxillary	NS	NS	carcinoma	mucoepidermoid_carcinoma	NS	NS	A253	14	2	gain	619	37	11:68815523..69910840
5943583	90865	ANO1	906794	824318	salivary_gland	submaxillary	NS	NS	carcinoma	mucoepidermoid_carcinoma	NS	NS	A253	9	2	gain	619	37	11:69910890..70789179
5943583	103076	ANO1_ENST00000316296	906794	824318	salivary_gland	submaxillary	NS	NS	carcinoma	mucoepidermoid_carcinoma	NS	NS	A253	9	2	gain	619	37	11:69910890..70789179
5943583	5638	SHANK2-AS3	906794	824318	salivary_gland	submaxillary	NS	NS	carcinoma	mucoepidermoid_carcinoma	NS	NS	A253	9	2	gain	619	37	11:69910890..70789179
5943583	106870	SHANK2_ENST00000423696	906794	824318	salivary_gland	submaxillary	NS	NS	carcinoma	mucoepidermoid_carcinoma	NS	NS	A253	9	2	gain	619	37	11:69910890..70789179
5943583	61288	SHANK2	906794	824318	salivary_gland	submaxillary	NS	NS	carcinoma	mucoepidermoid_carcinoma	NS	NS	A253	9	2	gain	619	37	11:69910890..70789179
5943583	99443	CTTN_ENST00000301843	906794	824318	salivary_gland	submaxillary	NS	NS	carcinoma	mucoepidermoid_carcinoma	NS	NS	A253	9	2	gain	619	37	11:69910890..70789179
5943583	5807	CTTN	906794	824318	salivary_gland	submaxillary	NS	NS	carcinoma	mucoepidermoid_carcinoma	NS	NS	A253	9	2	gain	619	37	11:69910890..70789179
5943583	92608	SHANK2_ENST00000338508	906794	824318	salivary_gland	submaxillary	NS	NS	carcinoma	mucoepidermoid_carcinoma	NS	NS	A253	9	2	gain	619	37	11:69910890..70789179
