6231655	66762	CDY2A	687448	615608	skin	NS	NS	NS	malignant_melanoma	NS	NS	NS	COLO-829	0	0	loss	619	37	Y:14427853..20426014
6231655	108040	DDX3Y_ENST00000537441	687448	615608	skin	NS	NS	NS	malignant_melanoma	NS	NS	NS	COLO-829	0	0	loss	619	37	Y:14427853..20426014
6231655	104678	UTY_ENST00000382896	687448	615608	skin	NS	NS	NS	malignant_melanoma	NS	NS	NS	COLO-829	0	0	loss	619	37	Y:14427853..20426014
6231657	1523	BCORP1	687448	615608	skin	NS	NS	NS	malignant_melanoma	NS	NS	NS	COLO-829	0	0	loss	619	37	Y:20552123..23653199
6231657	66764	HSFY2	687448	615608	skin	NS	NS	NS	malignant_melanoma	NS	NS	NS	COLO-829	0	0	loss	619	37	Y:20552123..23653199
6231657	105846	CYorf17	687448	615608	skin	NS	NS	NS	malignant_melanoma	NS	NS	NS	COLO-829	0	0	loss	619	37	Y:20552123..23653199
6231657	75764	RPS4Y2	687448	615608	skin	NS	NS	NS	malignant_melanoma	NS	NS	NS	COLO-829	0	0	loss	619	37	Y:20552123..23653199
6231657	3407	KDM5D	687448	615608	skin	NS	NS	NS	malignant_melanoma	NS	NS	NS	COLO-829	0	0	loss	619	37	Y:20552123..23653199
6231657	92516	TXLNG2P	687448	615608	skin	NS	NS	NS	malignant_melanoma	NS	NS	NS	COLO-829	0	0	loss	619	37	Y:20552123..23653199
6231657	66763	HSFY1	687448	615608	skin	NS	NS	NS	malignant_melanoma	NS	NS	NS	COLO-829	0	0	loss	619	37	Y:20552123..23653199
6231657	66767	EIF1AY	687448	615608	skin	NS	NS	NS	malignant_melanoma	NS	NS	NS	COLO-829	0	0	loss	619	37	Y:20552123..23653199
6231657	66765	CYorf15B	687448	615608	skin	NS	NS	NS	malignant_melanoma	NS	NS	NS	COLO-829	0	0	loss	619	37	Y:20552123..23653199
6231659	69786	CDY1B	687448	615608	skin	NS	NS	NS	malignant_melanoma	NS	NS	NS	COLO-829	0	0	loss	619	37	Y:23766155..26311090
6231659	69784	RBMY1J	687448	615608	skin	NS	NS	NS	malignant_melanoma	NS	NS	NS	COLO-829	0	0	loss	619	37	Y:23766155..26311090
6231659	107973	BPY2	687448	615608	skin	NS	NS	NS	malignant_melanoma	NS	NS	NS	COLO-829	0	0	loss	619	37	Y:23766155..26311090
6231659	106400	RBMY1D_ENST00000382680	687448	615608	skin	NS	NS	NS	malignant_melanoma	NS	NS	NS	COLO-829	0	0	loss	619	37	Y:23766155..26311090
6231659	69782	PRY2	687448	615608	skin	NS	NS	NS	malignant_melanoma	NS	NS	NS	COLO-829	0	0	loss	619	37	Y:23766155..26311090
6231659	66769	PRY	687448	615608	skin	NS	NS	NS	malignant_melanoma	NS	NS	NS	COLO-829	0	0	loss	619	37	Y:23766155..26311090
6231659	69785	DAZ2	687448	615608	skin	NS	NS	NS	malignant_melanoma	NS	NS	NS	COLO-829	0	0	loss	619	37	Y:23766155..26311090
6231659	103307	DAZ1	687448	615608	skin	NS	NS	NS	malignant_melanoma	NS	NS	NS	COLO-829	0	0	loss	619	37	Y:23766155..26311090
6231659	69781	RBMY1E	687448	615608	skin	NS	NS	NS	malignant_melanoma	NS	NS	NS	COLO-829	0	0	loss	619	37	Y:23766155..26311090
6231659	106281	DAZ1_ENST00000382510	687448	615608	skin	NS	NS	NS	malignant_melanoma	NS	NS	NS	COLO-829	0	0	loss	619	37	Y:23766155..26311090
6231659	69783	RBMY1F	687448	615608	skin	NS	NS	NS	malignant_melanoma	NS	NS	NS	COLO-829	0	0	loss	619	37	Y:23766155..26311090
6231661	69787	DAZ3	687448	615608	skin	NS	NS	NS	malignant_melanoma	NS	NS	NS	COLO-829	0	0	loss	619	37	Y:26482388..27451189
6231661	75766	BPY2C	687448	615608	skin	NS	NS	NS	malignant_melanoma	NS	NS	NS	COLO-829	0	0	loss	619	37	Y:26482388..27451189
6231661	75765	BPY2B	687448	615608	skin	NS	NS	NS	malignant_melanoma	NS	NS	NS	COLO-829	0	0	loss	619	37	Y:26482388..27451189
6231661	106410	DAZ4	687448	615608	skin	NS	NS	NS	malignant_melanoma	NS	NS	NS	COLO-829	0	0	loss	619	37	Y:26482388..27451189
6231663	66770	CDY1	687448	615608	skin	NS	NS	NS	malignant_melanoma	NS	NS	NS	COLO-829	0	0	loss	619	37	Y:27721085..28733101
6233148	15	PTEN	687448	615608	skin	NS	NS	NS	malignant_melanoma	NS	NS	NS	COLO-829	0	0	loss	619	37	10:89700671..89710183
6233181	92017	WWOX_ENST00000408984	687448	615608	skin	NS	NS	NS	malignant_melanoma	NS	NS	NS	COLO-829	0	0	loss	619	37	16:78372441..78381263
6233181	93907	WWOX_ENST00000299644	687448	615608	skin	NS	NS	NS	malignant_melanoma	NS	NS	NS	COLO-829	0	0	loss	619	37	16:78372441..78381263
6233214	94437	DMD_ENST00000378682	687448	615608	skin	NS	NS	NS	malignant_melanoma	NS	NS	NS	COLO-829	0	0	loss	619	37	X:32101323..32193390
6231028	57364	UGT2B17	687448	615608	skin	NS	NS	NS	malignant_melanoma	NS	NS	NS	COLO-829	0	0	loss	619	37	4:69360489..69505116
6231028	75429	TMPRSS11E2	687448	615608	skin	NS	NS	NS	malignant_melanoma	NS	NS	NS	COLO-829	0	0	loss	619	37	4:69360489..69505116
6231028	68917	TMPRSS11E	687448	615608	skin	NS	NS	NS	malignant_melanoma	NS	NS	NS	COLO-829	0	0	loss	619	37	4:69360489..69505116
6231041	93993	BTNL3	687448	615608	skin	NS	NS	NS	malignant_melanoma	NS	NS	NS	COLO-829	0	0	loss	619	37	5:180378711..180430895
6241386	54609	RHD	687448	615608	skin	NS	NS	NS	malignant_melanoma	NS	NS	NS	COLO-829	0	0	loss	619	37	1:25593129..25662213
6241405	55446	NME7	687448	615608	skin	NS	NS	NS	malignant_melanoma	NS	NS	NS	COLO-829	0	0	loss	619	37	1:169233975..169242402
6241408	67109	OR2T10	687448	615608	skin	NS	NS	NS	malignant_melanoma	NS	NS	NS	COLO-829	0	0	loss	619	37	1:248749195..248797214
6241408	67110	OR2T11	687448	615608	skin	NS	NS	NS	malignant_melanoma	NS	NS	NS	COLO-829	0	0	loss	619	37	1:248749195..248797214
6233214	99405	DMD_ENST00000357033	687448	615608	skin	NS	NS	NS	malignant_melanoma	NS	NS	NS	COLO-829	0	0	loss	619	37	X:32101323..32193390
6233214	93966	DMD_ENST00000378677	687448	615608	skin	NS	NS	NS	malignant_melanoma	NS	NS	NS	COLO-829	0	0	loss	619	37	X:32101323..32193390
6233214	90289	DMD_ENST00000378687	687448	615608	skin	NS	NS	NS	malignant_melanoma	NS	NS	NS	COLO-829	0	0	loss	619	37	X:32101323..32193390
6233219	66750	ZFY	687448	615608	skin	NS	NS	NS	malignant_melanoma	NS	NS	NS	COLO-829	0	0	loss	619	37	Y:2650439..2946026
6233219	105276	RPS4Y1_ENST00000430575	687448	615608	skin	NS	NS	NS	malignant_melanoma	NS	NS	NS	COLO-829	0	0	loss	619	37	Y:2650439..2946026
6233219	66749	RPS4Y1	687448	615608	skin	NS	NS	NS	malignant_melanoma	NS	NS	NS	COLO-829	0	0	loss	619	37	Y:2650439..2946026
6233219	66748	SRY	687448	615608	skin	NS	NS	NS	malignant_melanoma	NS	NS	NS	COLO-829	0	0	loss	619	37	Y:2650439..2946026
6233221	66751	TGIF2LY	687448	615608	skin	NS	NS	NS	malignant_melanoma	NS	NS	NS	COLO-829	0	0	loss	619	37	Y:3289986..3627279
6233231	107838	PCDH11Y_ENST00000400457	687448	615608	skin	NS	NS	NS	malignant_melanoma	NS	NS	NS	COLO-829	0	0	loss	619	37	Y:5266514..5367721
6233231	94344	PCDH11Y_ENST00000215473	687448	615608	skin	NS	NS	NS	malignant_melanoma	NS	NS	NS	COLO-829	0	0	loss	619	37	Y:5266514..5367721
6231647	94344	PCDH11Y_ENST00000215473	687448	615608	skin	NS	NS	NS	malignant_melanoma	NS	NS	NS	COLO-829	0	0	loss	619	37	Y:5534216..6248590
6231647	107838	PCDH11Y_ENST00000400457	687448	615608	skin	NS	NS	NS	malignant_melanoma	NS	NS	NS	COLO-829	0	0	loss	619	37	Y:5534216..6248590
6231647	69775	TSPY2	687448	615608	skin	NS	NS	NS	malignant_melanoma	NS	NS	NS	COLO-829	0	0	loss	619	37	Y:5534216..6248590
6231649	66753	AMELY	687448	615608	skin	NS	NS	NS	malignant_melanoma	NS	NS	NS	COLO-829	0	0	loss	619	37	Y:6612687..9525915
6231649	106304	TSPY3_ENST00000383010	687448	615608	skin	NS	NS	NS	malignant_melanoma	NS	NS	NS	COLO-829	0	0	loss	619	37	Y:6612687..9525915
6231649	66754	TBL1Y	687448	615608	skin	NS	NS	NS	malignant_melanoma	NS	NS	NS	COLO-829	0	0	loss	619	37	Y:6612687..9525915
6231649	105270	TSPY3_ENST00000457222	687448	615608	skin	NS	NS	NS	malignant_melanoma	NS	NS	NS	COLO-829	0	0	loss	619	37	Y:6612687..9525915
6231649	106318	ENSG00000225516	687448	615608	skin	NS	NS	NS	malignant_melanoma	NS	NS	NS	COLO-829	0	0	loss	619	37	Y:6612687..9525915
6231649	396	PRKY	687448	615608	skin	NS	NS	NS	malignant_melanoma	NS	NS	NS	COLO-829	0	0	loss	619	37	Y:6612687..9525915
6231649	106434	TSPY10	687448	615608	skin	NS	NS	NS	malignant_melanoma	NS	NS	NS	COLO-829	0	0	loss	619	37	Y:6612687..9525915
6231649	107453	AMELY_ENST00000383036	687448	615608	skin	NS	NS	NS	malignant_melanoma	NS	NS	NS	COLO-829	0	0	loss	619	37	Y:6612687..9525915
6231649	106372	TSPY4	687448	615608	skin	NS	NS	NS	malignant_melanoma	NS	NS	NS	COLO-829	0	0	loss	619	37	Y:6612687..9525915
6231649	69776	TSPY3	687448	615608	skin	NS	NS	NS	malignant_melanoma	NS	NS	NS	COLO-829	0	0	loss	619	37	Y:6612687..9525915
6231649	105850	TSPY8	687448	615608	skin	NS	NS	NS	malignant_melanoma	NS	NS	NS	COLO-829	0	0	loss	619	37	Y:6612687..9525915
6231649	106713	FAM197Y1	687448	615608	skin	NS	NS	NS	malignant_melanoma	NS	NS	NS	COLO-829	0	0	loss	619	37	Y:6612687..9525915
6231649	106345	TSPY8_ENST00000287721	687448	615608	skin	NS	NS	NS	malignant_melanoma	NS	NS	NS	COLO-829	0	0	loss	619	37	Y:6612687..9525915
6231649	94907	TSPY1	687448	615608	skin	NS	NS	NS	malignant_melanoma	NS	NS	NS	COLO-829	0	0	loss	619	37	Y:6612687..9525915
6231653	91964	ENSG00000183704	687448	615608	skin	NS	NS	NS	malignant_melanoma	NS	NS	NS	COLO-829	0	0	loss	619	37	Y:10012012..14419912
6231655	101391	UTY_ENST00000540140	687448	615608	skin	NS	NS	NS	malignant_melanoma	NS	NS	NS	COLO-829	0	0	loss	619	37	Y:14427853..20426014
6231655	85721	UTY	687448	615608	skin	NS	NS	NS	malignant_melanoma	NS	NS	NS	COLO-829	0	0	loss	619	37	Y:14427853..20426014
6231655	106268	UTY_ENST00000329134	687448	615608	skin	NS	NS	NS	malignant_melanoma	NS	NS	NS	COLO-829	0	0	loss	619	37	Y:14427853..20426014
6231655	101525	GYG2P1	687448	615608	skin	NS	NS	NS	malignant_melanoma	NS	NS	NS	COLO-829	0	0	loss	619	37	Y:14427853..20426014
6231655	105923	NLGN4Y_ENST00000382868	687448	615608	skin	NS	NS	NS	malignant_melanoma	NS	NS	NS	COLO-829	0	0	loss	619	37	Y:14427853..20426014
6231655	69777	VCY1B	687448	615608	skin	NS	NS	NS	malignant_melanoma	NS	NS	NS	COLO-829	0	0	loss	619	37	Y:14427853..20426014
6231655	3591	DDX3Y	687448	615608	skin	NS	NS	NS	malignant_melanoma	NS	NS	NS	COLO-829	0	0	loss	619	37	Y:14427853..20426014
6231655	69778	CDY2B	687448	615608	skin	NS	NS	NS	malignant_melanoma	NS	NS	NS	COLO-829	0	0	loss	619	37	Y:14427853..20426014
6231655	93555	UTY_ENST00000331397	687448	615608	skin	NS	NS	NS	malignant_melanoma	NS	NS	NS	COLO-829	0	0	loss	619	37	Y:14427853..20426014
6231655	66761	NLGN4Y	687448	615608	skin	NS	NS	NS	malignant_melanoma	NS	NS	NS	COLO-829	0	0	loss	619	37	Y:14427853..20426014
6231655	66760	VCY	687448	615608	skin	NS	NS	NS	malignant_melanoma	NS	NS	NS	COLO-829	0	0	loss	619	37	Y:14427853..20426014
6231655	66759	TMSB4Y	687448	615608	skin	NS	NS	NS	malignant_melanoma	NS	NS	NS	COLO-829	0	0	loss	619	37	Y:14427853..20426014
6231655	99932	NLGN4Y_ENST00000297967	687448	615608	skin	NS	NS	NS	malignant_melanoma	NS	NS	NS	COLO-829	0	0	loss	619	37	Y:14427853..20426014
6231655	5475	USP9Y	687448	615608	skin	NS	NS	NS	malignant_melanoma	NS	NS	NS	COLO-829	0	0	loss	619	37	Y:14427853..20426014
