6187477	90716	AKAP8L	749710	668681	breast	NS	NS	NS	carcinoma	ductal_carcinoma	NS	NS	HCC1143	12	2	gain	619	37	19:15016660..15794769
6187477	74528	PGLYRP2	749710	668681	breast	NS	NS	NS	carcinoma	ductal_carcinoma	NS	NS	HCC1143	12	2	gain	619	37	19:15016660..15794769
6187477	85327	BRD4_ENST00000263377	749710	668681	breast	NS	NS	NS	carcinoma	ductal_carcinoma	NS	NS	HCC1143	12	2	gain	619	37	19:15016660..15794769
6187477	95397	NOTCH3_ENST00000263388	749710	668681	breast	NS	NS	NS	carcinoma	ductal_carcinoma	NS	NS	HCC1143	12	2	gain	619	37	19:15016660..15794769
6187477	68286	OR1I1	749710	668681	breast	NS	NS	NS	carcinoma	ductal_carcinoma	NS	NS	HCC1143	12	2	gain	619	37	19:15016660..15794769
6187477	78901	Q8NH32_HUMAN	749710	668681	breast	NS	NS	NS	carcinoma	ductal_carcinoma	NS	NS	HCC1143	12	2	gain	619	37	19:15016660..15794769
6184930	55218	LCE3C	749710	668681	breast	NS	NS	NS	carcinoma	ductal_carcinoma	NS	NS	HCC1143	0	0	loss	619	37	1:152555707..152586541
6184930	55219	LCE3B	749710	668681	breast	NS	NS	NS	carcinoma	ductal_carcinoma	NS	NS	HCC1143	0	0	loss	619	37	1:152555707..152586541
6184934	103149	RABGAP1L_ENST00000489615	749710	668681	breast	NS	NS	NS	carcinoma	ductal_carcinoma	NS	NS	HCC1143	0	0	loss	619	37	1:174796557..174801855
6184934	93358	RABGAP1L_ENST00000347255	749710	668681	breast	NS	NS	NS	carcinoma	ductal_carcinoma	NS	NS	HCC1143	0	0	loss	619	37	1:174796557..174801855
6184934	2868	RABGAP1L	749710	668681	breast	NS	NS	NS	carcinoma	ductal_carcinoma	NS	NS	HCC1143	0	0	loss	619	37	1:174796557..174801855
6184934	103148	RABGAP1L_ENST00000367687	749710	668681	breast	NS	NS	NS	carcinoma	ductal_carcinoma	NS	NS	HCC1143	0	0	loss	619	37	1:174796557..174801855
6186093	58765	MOXD1	749710	668681	breast	NS	NS	NS	carcinoma	ductal_carcinoma	NS	NS	HCC1143	0	0	loss	619	37	6:132709358..132713044
6186275	67352	OR4S2	749710	668681	breast	NS	NS	NS	carcinoma	ductal_carcinoma	NS	NS	HCC1143	0	0	loss	619	37	11:55374033..55442319
6186275	67351	OR4P4	749710	668681	breast	NS	NS	NS	carcinoma	ductal_carcinoma	NS	NS	HCC1143	0	0	loss	619	37	11:55374033..55442319
6186275	67353	OR4C6	749710	668681	breast	NS	NS	NS	carcinoma	ductal_carcinoma	NS	NS	HCC1143	0	0	loss	619	37	11:55374033..55442319
6186280	5701	FGF19	749710	668681	breast	NS	NS	NS	carcinoma	ductal_carcinoma	NS	NS	HCC1143	11	1	gain	619	37	11:68866686..69582977
6186280	99528	CCND1_ENST00000227507	749710	668681	breast	NS	NS	NS	carcinoma	ductal_carcinoma	NS	NS	HCC1143	11	1	gain	619	37	11:68866686..69582977
6186280	3241	CCND1	749710	668681	breast	NS	NS	NS	carcinoma	ductal_carcinoma	NS	NS	HCC1143	11	1	gain	619	37	11:68866686..69582977
6186280	61280	MYEOV	749710	668681	breast	NS	NS	NS	carcinoma	ductal_carcinoma	NS	NS	HCC1143	11	1	gain	619	37	11:68866686..69582977
6186280	5758	ORAOV1	749710	668681	breast	NS	NS	NS	carcinoma	ductal_carcinoma	NS	NS	HCC1143	11	1	gain	619	37	11:68866686..69582977
6186294	61673	LOH12CR1	749710	668681	breast	NS	NS	NS	carcinoma	ductal_carcinoma	NS	NS	HCC1143	0	0	loss	619	37	12:12532984..12541869
6189244	92516	TXLNG2P	749710	668681	breast	NS	NS	NS	carcinoma	ductal_carcinoma	NS	NS	HCC1143	0	0	loss	619	37	Y:21159055..23653199
6189246	69781	RBMY1E	749710	668681	breast	NS	NS	NS	carcinoma	ductal_carcinoma	NS	NS	HCC1143	0	0	loss	619	37	Y:23759882..26218233
6189246	69786	CDY1B	749710	668681	breast	NS	NS	NS	carcinoma	ductal_carcinoma	NS	NS	HCC1143	0	0	loss	619	37	Y:23759882..26218233
6189246	69782	PRY2	749710	668681	breast	NS	NS	NS	carcinoma	ductal_carcinoma	NS	NS	HCC1143	0	0	loss	619	37	Y:23759882..26218233
6189246	69785	DAZ2	749710	668681	breast	NS	NS	NS	carcinoma	ductal_carcinoma	NS	NS	HCC1143	0	0	loss	619	37	Y:23759882..26218233
6189246	106281	DAZ1_ENST00000382510	749710	668681	breast	NS	NS	NS	carcinoma	ductal_carcinoma	NS	NS	HCC1143	0	0	loss	619	37	Y:23759882..26218233
6189246	69783	RBMY1F	749710	668681	breast	NS	NS	NS	carcinoma	ductal_carcinoma	NS	NS	HCC1143	0	0	loss	619	37	Y:23759882..26218233
6189246	69784	RBMY1J	749710	668681	breast	NS	NS	NS	carcinoma	ductal_carcinoma	NS	NS	HCC1143	0	0	loss	619	37	Y:23759882..26218233
6189246	103307	DAZ1	749710	668681	breast	NS	NS	NS	carcinoma	ductal_carcinoma	NS	NS	HCC1143	0	0	loss	619	37	Y:23759882..26218233
6189246	107973	BPY2	749710	668681	breast	NS	NS	NS	carcinoma	ductal_carcinoma	NS	NS	HCC1143	0	0	loss	619	37	Y:23759882..26218233
6186298	3818	HMGA2	749710	668681	breast	NS	NS	NS	carcinoma	ductal_carcinoma	NS	NS	HCC1143	12	1	gain	619	37	12:66108963..66335052
6186298	94656	HMGA2_ENST00000354636	749710	668681	breast	NS	NS	NS	carcinoma	ductal_carcinoma	NS	NS	HCC1143	12	1	gain	619	37	12:66108963..66335052
6186298	78723	Q6ZQU9_HUMAN	749710	668681	breast	NS	NS	NS	carcinoma	ductal_carcinoma	NS	NS	HCC1143	12	1	gain	619	37	12:66108963..66335052
6186298	99467	RP11-366L20.2	749710	668681	breast	NS	NS	NS	carcinoma	ductal_carcinoma	NS	NS	HCC1143	12	1	gain	619	37	12:66108963..66335052
6186299	61964	HELB	749710	668681	breast	NS	NS	NS	carcinoma	ductal_carcinoma	NS	NS	HCC1143	10	2	gain	619	37	12:66336005..68315310
6186299	61965	CAND1	749710	668681	breast	NS	NS	NS	carcinoma	ductal_carcinoma	NS	NS	HCC1143	10	2	gain	619	37	12:66336005..68315310
6186299	103069	GRIP1_ENST00000359742	749710	668681	breast	NS	NS	NS	carcinoma	ductal_carcinoma	NS	NS	HCC1143	10	2	gain	619	37	12:66336005..68315310
6186299	223	IRAK3	749710	668681	breast	NS	NS	NS	carcinoma	ductal_carcinoma	NS	NS	HCC1143	10	2	gain	619	37	12:66336005..68315310
6186299	74832	GRIP1	749710	668681	breast	NS	NS	NS	carcinoma	ductal_carcinoma	NS	NS	HCC1143	10	2	gain	619	37	12:66336005..68315310
6186299	61962	LLPH	749710	668681	breast	NS	NS	NS	carcinoma	ductal_carcinoma	NS	NS	HCC1143	10	2	gain	619	37	12:66336005..68315310
6186299	146	DYRK2	749710	668681	breast	NS	NS	NS	carcinoma	ductal_carcinoma	NS	NS	HCC1143	10	2	gain	619	37	12:66336005..68315310
6186299	74831	TMBIM4	749710	668681	breast	NS	NS	NS	carcinoma	ductal_carcinoma	NS	NS	HCC1143	10	2	gain	619	37	12:66336005..68315310
6186299	3818	HMGA2	749710	668681	breast	NS	NS	NS	carcinoma	ductal_carcinoma	NS	NS	HCC1143	10	2	gain	619	37	12:66336005..68315310
6186303	61986	TRHDE	749710	668681	breast	NS	NS	NS	carcinoma	ductal_carcinoma	NS	NS	HCC1143	9	2	gain	619	37	12:72392914..72904383
6186303	67608	TPH2	749710	668681	breast	NS	NS	NS	carcinoma	ductal_carcinoma	NS	NS	HCC1143	9	2	gain	619	37	12:72392914..72904383
6186340	84854	ENSG00000198229	749710	668681	breast	NS	NS	NS	carcinoma	ductal_carcinoma	NS	NS	HCC1143	9	0	gain	619	37	14:106569464..106863527
6186356	99762	SCAPER_ENST00000538941	749710	668681	breast	NS	NS	NS	carcinoma	ductal_carcinoma	NS	NS	HCC1143	0	0	loss	619	37	15:76891512..76895776
6186356	81479	SCAPER	749710	668681	breast	NS	NS	NS	carcinoma	ductal_carcinoma	NS	NS	HCC1143	0	0	loss	619	37	15:76891512..76895776
6186806	107031	FAM106A	749710	668681	breast	NS	NS	NS	carcinoma	ductal_carcinoma	NS	NS	HCC1143	0	0	loss	619	37	17:18358947..18453438
6186806	68055	LGALS9C	749710	668681	breast	NS	NS	NS	carcinoma	ductal_carcinoma	NS	NS	HCC1143	0	0	loss	619	37	17:18358947..18453438
6187054	64767	OR7A5	749710	668681	breast	NS	NS	NS	carcinoma	ductal_carcinoma	NS	NS	HCC1143	12	1	gain	619	37	19:14798536..15016631
6187054	64766	OR7C1	749710	668681	breast	NS	NS	NS	carcinoma	ductal_carcinoma	NS	NS	HCC1143	12	1	gain	619	37	19:14798536..15016631
6187054	93328	OR7A2P	749710	668681	breast	NS	NS	NS	carcinoma	ductal_carcinoma	NS	NS	HCC1143	12	1	gain	619	37	19:14798536..15016631
6187054	64765	ZNF333	749710	668681	breast	NS	NS	NS	carcinoma	ductal_carcinoma	NS	NS	HCC1143	12	1	gain	619	37	19:14798536..15016631
6187054	64768	OR7A17	749710	668681	breast	NS	NS	NS	carcinoma	ductal_carcinoma	NS	NS	HCC1143	12	1	gain	619	37	19:14798536..15016631
6187054	68284	EMR2	749710	668681	breast	NS	NS	NS	carcinoma	ductal_carcinoma	NS	NS	HCC1143	12	1	gain	619	37	19:14798536..15016631
6187054	68285	OR7A10	749710	668681	breast	NS	NS	NS	carcinoma	ductal_carcinoma	NS	NS	HCC1143	12	1	gain	619	37	19:14798536..15016631
6187054	78560	O60411_HUMAN	749710	668681	breast	NS	NS	NS	carcinoma	ductal_carcinoma	NS	NS	HCC1143	12	1	gain	619	37	19:14798536..15016631
6187068	93482	PBRM1_ENST00000356770	749710	668681	breast	NS	NS	NS	carcinoma	ductal_carcinoma	NS	NS	HCC1143	0	0	loss	619	37	3:52606217..52661657
6187068	90826	PBRM1_ENST00000296302	749710	668681	breast	NS	NS	NS	carcinoma	ductal_carcinoma	NS	NS	HCC1143	0	0	loss	619	37	3:52606217..52661657
6187068	85727	PBRM1	749710	668681	breast	NS	NS	NS	carcinoma	ductal_carcinoma	NS	NS	HCC1143	0	0	loss	619	37	3:52606217..52661657
6187477	64774	ILVBL	749710	668681	breast	NS	NS	NS	carcinoma	ductal_carcinoma	NS	NS	HCC1143	12	2	gain	619	37	19:15016660..15794769
6187477	105414	SLC1A6_ENST00000601761	749710	668681	breast	NS	NS	NS	carcinoma	ductal_carcinoma	NS	NS	HCC1143	12	2	gain	619	37	19:15016660..15794769
6187477	81377	CYP4F8	749710	668681	breast	NS	NS	NS	carcinoma	ductal_carcinoma	NS	NS	HCC1143	12	2	gain	619	37	19:15016660..15794769
6187477	75133	CYP4F12	749710	668681	breast	NS	NS	NS	carcinoma	ductal_carcinoma	NS	NS	HCC1143	12	2	gain	619	37	19:15016660..15794769
6187477	104954	CYP4F3_ENST00000585846	749710	668681	breast	NS	NS	NS	carcinoma	ductal_carcinoma	NS	NS	HCC1143	12	2	gain	619	37	19:15016660..15794769
6187477	3460	AKAP8	749710	668681	breast	NS	NS	NS	carcinoma	ductal_carcinoma	NS	NS	HCC1143	12	2	gain	619	37	19:15016660..15794769
6187477	105016	BRD4_ENST00000360016	749710	668681	breast	NS	NS	NS	carcinoma	ductal_carcinoma	NS	NS	HCC1143	12	2	gain	619	37	19:15016660..15794769
6187477	93557	AKAP8L_ENST00000397410	749710	668681	breast	NS	NS	NS	carcinoma	ductal_carcinoma	NS	NS	HCC1143	12	2	gain	619	37	19:15016660..15794769
6187477	64779	CYP4F22	749710	668681	breast	NS	NS	NS	carcinoma	ductal_carcinoma	NS	NS	HCC1143	12	2	gain	619	37	19:15016660..15794769
6187477	72	BRD4	749710	668681	breast	NS	NS	NS	carcinoma	ductal_carcinoma	NS	NS	HCC1143	12	2	gain	619	37	19:15016660..15794769
6187477	64769	OR7C2	749710	668681	breast	NS	NS	NS	carcinoma	ductal_carcinoma	NS	NS	HCC1143	12	2	gain	619	37	19:15016660..15794769
6187477	75132	WIZ	749710	668681	breast	NS	NS	NS	carcinoma	ductal_carcinoma	NS	NS	HCC1143	12	2	gain	619	37	19:15016660..15794769
6187477	64773	SYDE1	749710	668681	breast	NS	NS	NS	carcinoma	ductal_carcinoma	NS	NS	HCC1143	12	2	gain	619	37	19:15016660..15794769
6187477	64771	CCDC105	749710	668681	breast	NS	NS	NS	carcinoma	ductal_carcinoma	NS	NS	HCC1143	12	2	gain	619	37	19:15016660..15794769
6187477	1503	CASP14	749710	668681	breast	NS	NS	NS	carcinoma	ductal_carcinoma	NS	NS	HCC1143	12	2	gain	619	37	19:15016660..15794769
6187477	64770	SLC1A6	749710	668681	breast	NS	NS	NS	carcinoma	ductal_carcinoma	NS	NS	HCC1143	12	2	gain	619	37	19:15016660..15794769
6187477	93558	RASAL3	749710	668681	breast	NS	NS	NS	carcinoma	ductal_carcinoma	NS	NS	HCC1143	12	2	gain	619	37	19:15016660..15794769
6187477	3338	NOTCH3	749710	668681	breast	NS	NS	NS	carcinoma	ductal_carcinoma	NS	NS	HCC1143	12	2	gain	619	37	19:15016660..15794769
6187477	92672	PGLYRP2_ENST00000292609	749710	668681	breast	NS	NS	NS	carcinoma	ductal_carcinoma	NS	NS	HCC1143	12	2	gain	619	37	19:15016660..15794769
6187477	94140	WIZ_ENST00000545156	749710	668681	breast	NS	NS	NS	carcinoma	ductal_carcinoma	NS	NS	HCC1143	12	2	gain	619	37	19:15016660..15794769
6187477	64776	EPHX3	749710	668681	breast	NS	NS	NS	carcinoma	ductal_carcinoma	NS	NS	HCC1143	12	2	gain	619	37	19:15016660..15794769
6187477	64780	CYP4F3	749710	668681	breast	NS	NS	NS	carcinoma	ductal_carcinoma	NS	NS	HCC1143	12	2	gain	619	37	19:15016660..15794769
6187477	94364	WIZ_ENST00000389282	749710	668681	breast	NS	NS	NS	carcinoma	ductal_carcinoma	NS	NS	HCC1143	12	2	gain	619	37	19:15016660..15794769
6192629	279	MAPK10	749710	668681	breast	NS	NS	NS	carcinoma	ductal_carcinoma	NS	NS	HCC1143	0	0	loss	619	37	4:86976095..86979765
6192629	93289	MAPK10_ENST00000449047	749710	668681	breast	NS	NS	NS	carcinoma	ductal_carcinoma	NS	NS	HCC1143	0	0	loss	619	37	4:86976095..86979765
6192629	93493	MAPK10_ENST00000359221	749710	668681	breast	NS	NS	NS	carcinoma	ductal_carcinoma	NS	NS	HCC1143	0	0	loss	619	37	4:86976095..86979765
6192631	85635	NM_001013679	749710	668681	breast	NS	NS	NS	carcinoma	ductal_carcinoma	NS	NS	HCC1143	0	0	loss	619	37	4:92308295..92882506
6192631	6919	FAM190A	749710	668681	breast	NS	NS	NS	carcinoma	ductal_carcinoma	NS	NS	HCC1143	0	0	loss	619	37	4:92308295..92882506
6192631	91438	FAM190A_ENST00000509176	749710	668681	breast	NS	NS	NS	carcinoma	ductal_carcinoma	NS	NS	HCC1143	0	0	loss	619	37	4:92308295..92882506
6192645	93993	BTNL3	749710	668681	breast	NS	NS	NS	carcinoma	ductal_carcinoma	NS	NS	HCC1143	0	0	loss	619	37	5:180378711..180418104
6189246	66769	PRY	749710	668681	breast	NS	NS	NS	carcinoma	ductal_carcinoma	NS	NS	HCC1143	0	0	loss	619	37	Y:23759882..26218233
6189246	106400	RBMY1D_ENST00000382680	749710	668681	breast	NS	NS	NS	carcinoma	ductal_carcinoma	NS	NS	HCC1143	0	0	loss	619	37	Y:23759882..26218233
6189248	66770	CDY1	749710	668681	breast	NS	NS	NS	carcinoma	ductal_carcinoma	NS	NS	HCC1143	0	0	loss	619	37	Y:27731991..28690738
6187489	95718	SIRPB1_ENST00000279477	749710	668681	breast	NS	NS	NS	carcinoma	ductal_carcinoma	NS	NS	HCC1143	10	2	gain	619	37	20:1570738..1593894
6187489	65365	SIRPB1	749710	668681	breast	NS	NS	NS	carcinoma	ductal_carcinoma	NS	NS	HCC1143	10	2	gain	619	37	20:1570738..1593894
6187513	5601	RUNX1	749710	668681	breast	NS	NS	NS	carcinoma	ductal_carcinoma	NS	NS	HCC1143	0	0	loss	619	37	21:36197941..36221072
6187560	66748	SRY	749710	668681	breast	NS	NS	NS	carcinoma	ductal_carcinoma	NS	NS	HCC1143	0	0	loss	619	37	Y:2650439..2946026
6187560	66750	ZFY	749710	668681	breast	NS	NS	NS	carcinoma	ductal_carcinoma	NS	NS	HCC1143	0	0	loss	619	37	Y:2650439..2946026
6187560	105276	RPS4Y1_ENST00000430575	749710	668681	breast	NS	NS	NS	carcinoma	ductal_carcinoma	NS	NS	HCC1143	0	0	loss	619	37	Y:2650439..2946026
6187560	66749	RPS4Y1	749710	668681	breast	NS	NS	NS	carcinoma	ductal_carcinoma	NS	NS	HCC1143	0	0	loss	619	37	Y:2650439..2946026
6189222	66751	TGIF2LY	749710	668681	breast	NS	NS	NS	carcinoma	ductal_carcinoma	NS	NS	HCC1143	0	0	loss	619	37	Y:3421051..3627279
6189226	94344	PCDH11Y_ENST00000215473	749710	668681	breast	NS	NS	NS	carcinoma	ductal_carcinoma	NS	NS	HCC1143	0	0	loss	619	37	Y:4370962..4980425
6189226	107838	PCDH11Y_ENST00000400457	749710	668681	breast	NS	NS	NS	carcinoma	ductal_carcinoma	NS	NS	HCC1143	0	0	loss	619	37	Y:4370962..4980425
6189226	66752	PCDH11Y	749710	668681	breast	NS	NS	NS	carcinoma	ductal_carcinoma	NS	NS	HCC1143	0	0	loss	619	37	Y:4370962..4980425
6189226	96398	PCDH11Y_ENST00000362095	749710	668681	breast	NS	NS	NS	carcinoma	ductal_carcinoma	NS	NS	HCC1143	0	0	loss	619	37	Y:4370962..4980425
6189228	107838	PCDH11Y_ENST00000400457	749710	668681	breast	NS	NS	NS	carcinoma	ductal_carcinoma	NS	NS	HCC1143	0	0	loss	619	37	Y:5134252..5166611
6189228	94344	PCDH11Y_ENST00000215473	749710	668681	breast	NS	NS	NS	carcinoma	ductal_carcinoma	NS	NS	HCC1143	0	0	loss	619	37	Y:5134252..5166611
6189230	107838	PCDH11Y_ENST00000400457	749710	668681	breast	NS	NS	NS	carcinoma	ductal_carcinoma	NS	NS	HCC1143	0	0	loss	619	37	Y:5266514..5789440
6189230	94344	PCDH11Y_ENST00000215473	749710	668681	breast	NS	NS	NS	carcinoma	ductal_carcinoma	NS	NS	HCC1143	0	0	loss	619	37	Y:5266514..5789440
6189234	105270	TSPY3_ENST00000457222	749710	668681	breast	NS	NS	NS	carcinoma	ductal_carcinoma	NS	NS	HCC1143	0	0	loss	619	37	Y:6612687..9525915
6189234	107453	AMELY_ENST00000383036	749710	668681	breast	NS	NS	NS	carcinoma	ductal_carcinoma	NS	NS	HCC1143	0	0	loss	619	37	Y:6612687..9525915
6189234	106434	TSPY10	749710	668681	breast	NS	NS	NS	carcinoma	ductal_carcinoma	NS	NS	HCC1143	0	0	loss	619	37	Y:6612687..9525915
6189234	66754	TBL1Y	749710	668681	breast	NS	NS	NS	carcinoma	ductal_carcinoma	NS	NS	HCC1143	0	0	loss	619	37	Y:6612687..9525915
6189234	94907	TSPY1	749710	668681	breast	NS	NS	NS	carcinoma	ductal_carcinoma	NS	NS	HCC1143	0	0	loss	619	37	Y:6612687..9525915
6189234	106372	TSPY4	749710	668681	breast	NS	NS	NS	carcinoma	ductal_carcinoma	NS	NS	HCC1143	0	0	loss	619	37	Y:6612687..9525915
6189234	66753	AMELY	749710	668681	breast	NS	NS	NS	carcinoma	ductal_carcinoma	NS	NS	HCC1143	0	0	loss	619	37	Y:6612687..9525915
6189234	106713	FAM197Y1	749710	668681	breast	NS	NS	NS	carcinoma	ductal_carcinoma	NS	NS	HCC1143	0	0	loss	619	37	Y:6612687..9525915
6189234	105850	TSPY8	749710	668681	breast	NS	NS	NS	carcinoma	ductal_carcinoma	NS	NS	HCC1143	0	0	loss	619	37	Y:6612687..9525915
6189234	106345	TSPY8_ENST00000287721	749710	668681	breast	NS	NS	NS	carcinoma	ductal_carcinoma	NS	NS	HCC1143	0	0	loss	619	37	Y:6612687..9525915
6189234	106318	ENSG00000225516	749710	668681	breast	NS	NS	NS	carcinoma	ductal_carcinoma	NS	NS	HCC1143	0	0	loss	619	37	Y:6612687..9525915
6189234	106304	TSPY3_ENST00000383010	749710	668681	breast	NS	NS	NS	carcinoma	ductal_carcinoma	NS	NS	HCC1143	0	0	loss	619	37	Y:6612687..9525915
6189234	69776	TSPY3	749710	668681	breast	NS	NS	NS	carcinoma	ductal_carcinoma	NS	NS	HCC1143	0	0	loss	619	37	Y:6612687..9525915
6189234	396	PRKY	749710	668681	breast	NS	NS	NS	carcinoma	ductal_carcinoma	NS	NS	HCC1143	0	0	loss	619	37	Y:6612687..9525915
6189238	99932	NLGN4Y_ENST00000297967	749710	668681	breast	NS	NS	NS	carcinoma	ductal_carcinoma	NS	NS	HCC1143	0	0	loss	619	37	Y:13800929..19627014
6189238	101391	UTY_ENST00000540140	749710	668681	breast	NS	NS	NS	carcinoma	ductal_carcinoma	NS	NS	HCC1143	0	0	loss	619	37	Y:13800929..19627014
6189238	93555	UTY_ENST00000331397	749710	668681	breast	NS	NS	NS	carcinoma	ductal_carcinoma	NS	NS	HCC1143	0	0	loss	619	37	Y:13800929..19627014
6189238	85721	UTY	749710	668681	breast	NS	NS	NS	carcinoma	ductal_carcinoma	NS	NS	HCC1143	0	0	loss	619	37	Y:13800929..19627014
6189238	66760	VCY	749710	668681	breast	NS	NS	NS	carcinoma	ductal_carcinoma	NS	NS	HCC1143	0	0	loss	619	37	Y:13800929..19627014
6189238	106268	UTY_ENST00000329134	749710	668681	breast	NS	NS	NS	carcinoma	ductal_carcinoma	NS	NS	HCC1143	0	0	loss	619	37	Y:13800929..19627014
6189238	101525	GYG2P1	749710	668681	breast	NS	NS	NS	carcinoma	ductal_carcinoma	NS	NS	HCC1143	0	0	loss	619	37	Y:13800929..19627014
6189238	108040	DDX3Y_ENST00000537441	749710	668681	breast	NS	NS	NS	carcinoma	ductal_carcinoma	NS	NS	HCC1143	0	0	loss	619	37	Y:13800929..19627014
6189238	105923	NLGN4Y_ENST00000382868	749710	668681	breast	NS	NS	NS	carcinoma	ductal_carcinoma	NS	NS	HCC1143	0	0	loss	619	37	Y:13800929..19627014
6189238	66761	NLGN4Y	749710	668681	breast	NS	NS	NS	carcinoma	ductal_carcinoma	NS	NS	HCC1143	0	0	loss	619	37	Y:13800929..19627014
6189238	69777	VCY1B	749710	668681	breast	NS	NS	NS	carcinoma	ductal_carcinoma	NS	NS	HCC1143	0	0	loss	619	37	Y:13800929..19627014
6189238	66759	TMSB4Y	749710	668681	breast	NS	NS	NS	carcinoma	ductal_carcinoma	NS	NS	HCC1143	0	0	loss	619	37	Y:13800929..19627014
6189238	5475	USP9Y	749710	668681	breast	NS	NS	NS	carcinoma	ductal_carcinoma	NS	NS	HCC1143	0	0	loss	619	37	Y:13800929..19627014
6189238	3591	DDX3Y	749710	668681	breast	NS	NS	NS	carcinoma	ductal_carcinoma	NS	NS	HCC1143	0	0	loss	619	37	Y:13800929..19627014
6189238	104678	UTY_ENST00000382896	749710	668681	breast	NS	NS	NS	carcinoma	ductal_carcinoma	NS	NS	HCC1143	0	0	loss	619	37	Y:13800929..19627014
6189240	66762	CDY2A	749710	668681	breast	NS	NS	NS	carcinoma	ductal_carcinoma	NS	NS	HCC1143	0	0	loss	619	37	Y:20090633..20499865
6189242	66763	HSFY1	749710	668681	breast	NS	NS	NS	carcinoma	ductal_carcinoma	NS	NS	HCC1143	0	0	loss	619	37	Y:20532485..21137547
6189242	66764	HSFY2	749710	668681	breast	NS	NS	NS	carcinoma	ductal_carcinoma	NS	NS	HCC1143	0	0	loss	619	37	Y:20532485..21137547
6189244	1523	BCORP1	749710	668681	breast	NS	NS	NS	carcinoma	ductal_carcinoma	NS	NS	HCC1143	0	0	loss	619	37	Y:21159055..23653199
6189244	105846	CYorf17	749710	668681	breast	NS	NS	NS	carcinoma	ductal_carcinoma	NS	NS	HCC1143	0	0	loss	619	37	Y:21159055..23653199
6189244	75764	RPS4Y2	749710	668681	breast	NS	NS	NS	carcinoma	ductal_carcinoma	NS	NS	HCC1143	0	0	loss	619	37	Y:21159055..23653199
6189244	66767	EIF1AY	749710	668681	breast	NS	NS	NS	carcinoma	ductal_carcinoma	NS	NS	HCC1143	0	0	loss	619	37	Y:21159055..23653199
6189244	3407	KDM5D	749710	668681	breast	NS	NS	NS	carcinoma	ductal_carcinoma	NS	NS	HCC1143	0	0	loss	619	37	Y:21159055..23653199
6189244	66765	CYorf15B	749710	668681	breast	NS	NS	NS	carcinoma	ductal_carcinoma	NS	NS	HCC1143	0	0	loss	619	37	Y:21159055..23653199
