6262218	55218	LCE3C	905937	823464	large_intestine	colon	NS	NS	carcinoma	NS	NS	NS	HCT-15	0	0	loss	619	37	1:152555528..152586541
6262218	55219	LCE3B	905937	823464	large_intestine	colon	NS	NS	carcinoma	NS	NS	NS	HCT-15	0	0	loss	619	37	1:152555528..152586541
6262311	78615	PRSS2	905937	823464	large_intestine	colon	NS	NS	carcinoma	NS	NS	NS	HCT-15	0	0	loss	619	37	7:142476720..142486116
6264527	75764	RPS4Y2	905937	823464	large_intestine	colon	NS	NS	carcinoma	NS	NS	NS	HCT-15	0	0	loss	619	37	Y:22918893..23039542
6271479	82180	C20orf133	905937	823464	large_intestine	colon	NS	NS	carcinoma	NS	NS	NS	HCT-15	0	0	loss	619	37	20:14695182..14801726
6271481	82180	C20orf133	905937	823464	large_intestine	colon	NS	NS	carcinoma	NS	NS	NS	HCT-15	0	0	loss	619	37	20:14924260..15061596
6271496	69775	TSPY2	905937	823464	large_intestine	colon	NS	NS	carcinoma	NS	NS	NS	HCT-15	9	0	gain	619	37	Y:6107902..6373465
6271498	66754	TBL1Y	905937	823464	large_intestine	colon	NS	NS	carcinoma	NS	NS	NS	HCT-15	5	0	gain	619	37	Y:6879657..7070119
6271521	101525	GYG2P1	905937	823464	large_intestine	colon	NS	NS	carcinoma	NS	NS	NS	HCT-15	5	0	gain	619	37	Y:14451526..14623842
6271542	69778	CDY2B	905937	823464	large_intestine	colon	NS	NS	carcinoma	NS	NS	NS	HCT-15	9	0	gain	619	37	Y:19619706..20097646
6271627	69783	RBMY1F	905937	823464	large_intestine	colon	NS	NS	carcinoma	NS	NS	NS	HCT-15	6	0	gain	619	37	Y:24177819..24344297
6271627	69782	PRY2	905937	823464	large_intestine	colon	NS	NS	carcinoma	NS	NS	NS	HCT-15	6	0	gain	619	37	Y:24177819..24344297
6271629	103307	DAZ1	905937	823464	large_intestine	colon	NS	NS	carcinoma	NS	NS	NS	HCT-15	7	0	gain	619	37	Y:24624108..26354884
6271629	66769	PRY	905937	823464	large_intestine	colon	NS	NS	carcinoma	NS	NS	NS	HCT-15	7	0	gain	619	37	Y:24624108..26354884
6271629	106281	DAZ1_ENST00000382510	905937	823464	large_intestine	colon	NS	NS	carcinoma	NS	NS	NS	HCT-15	7	0	gain	619	37	Y:24624108..26354884
6271629	107973	BPY2	905937	823464	large_intestine	colon	NS	NS	carcinoma	NS	NS	NS	HCT-15	7	0	gain	619	37	Y:24624108..26354884
6271629	69786	CDY1B	905937	823464	large_intestine	colon	NS	NS	carcinoma	NS	NS	NS	HCT-15	7	0	gain	619	37	Y:24624108..26354884
6271629	69785	DAZ2	905937	823464	large_intestine	colon	NS	NS	carcinoma	NS	NS	NS	HCT-15	7	0	gain	619	37	Y:24624108..26354884
6271630	75766	BPY2C	905937	823464	large_intestine	colon	NS	NS	carcinoma	NS	NS	NS	HCT-15	12	2	gain	619	37	Y:26358228..27684355
6271630	69787	DAZ3	905937	823464	large_intestine	colon	NS	NS	carcinoma	NS	NS	NS	HCT-15	12	2	gain	619	37	Y:26358228..27684355
6271630	75765	BPY2B	905937	823464	large_intestine	colon	NS	NS	carcinoma	NS	NS	NS	HCT-15	12	2	gain	619	37	Y:26358228..27684355
6271630	106410	DAZ4	905937	823464	large_intestine	colon	NS	NS	carcinoma	NS	NS	NS	HCT-15	12	2	gain	619	37	Y:26358228..27684355
